,atDate,settleDate,susp,closing,bid,ask,low,high,vol,turn,VWAP,adjClose,adjBid,adjAsk,adjLow,adjHigh,adjVol,adjVWAP,totalRet
0,2017-08-22,2017-08-25,0,68.05,68.0,68.05,67.8,68.5,4394208,299557253,68.1709316,68.05,68.0,68.05,67.8,68.5,4394208,68.17093,0.0134
1,2017-08-21,2017-08-24,0,67.15,67.1,67.15,66.55,67.35,4216498,281546340,66.77255391,67.15,67.1,67.15,66.55,67.35,4216498,66.77255,0.00075
2,2017-08-18,2017-08-22,0,67.1,66.95,67.1,66.35,67.5,4606081,308616033,67.0018684,67.1,66.95,67.1,66.35,67.5,4606081,67.00187,-0.01105
3,2017-08-17,2017-08-21,0,67.85,67.8,67.9,67.55,68.95,3794907,257871511,67.95199751,67.85,67.8,67.9,67.55,68.95,3794907,67.952,-0.013090000000000001
4,2017-08-16,2017-08-18,0,68.75,68.7,68.75,67.3,68.75,6860974,467046459,68.07290904,68.75,68.7,68.75,67.3,68.75,6860974,68.07291,0.017759999999999998
5,2017-08-15,2017-08-17,0,67.55,67.5,67.55,67.15,68.7,5601057,378734551,67.61840685,67.55,67.5,67.55,67.15,68.7,5601057,67.61841,-0.01315
6,2017-08-14,2017-08-16,0,68.45,68.4,68.45,67.85,68.9,3583146,244758827,68.30836003,68.45,68.4,68.45,67.85,68.9,3583146,68.30836,0.00588
7,2017-08-11,2017-08-15,0,68.05,68.0,68.05,67.65,69.45,9374940,639533971,68.2173935,68.05,68.0,68.05,67.65,69.45,9374940,68.21739000000001,-0.014480000000000002
8,2017-08-10,2017-08-14,0,69.05,69.0,69.05,68.2,70.25,10012722,692949781,69.20693304,69.05,69.0,69.05,68.2,70.25,10012722,69.20693,-0.013569999999999999
9,2017-08-09,2017-08-11,0,70.0,70.0,70.05,68.85,70.5,8048688,562054632,69.83183247,70.0,70.0,70.05,68.85,70.5,8048688,69.83183000000001,0.0028699999999999997
10,2017-08-08,2017-08-10,0,69.8,69.7,69.8,68.25,69.8,10741935,743404429,69.20582083,69.8,69.7,69.8,68.25,69.8,10741935,69.20581999999999,0.012329999999999999
11,2017-08-07,2017-08-09,0,68.95,68.9,68.95,67.9,68.95,9954679,681336668,68.44386122,68.95,68.9,68.95,67.9,68.95,9954679,68.44386,0.01696
12,2017-08-04,2017-08-08,0,67.8,67.75,67.8,66.2,67.9,22329585,1497119859,67.04647037,67.8,67.75,67.8,66.2,67.9,22329585,67.04647,0.04308
13,2017-08-03,2017-08-07,0,65.0,64.95,65.0,64.1,65.05,6457946,417712078,64.68187842,65.0,64.95,65.0,64.1,65.05,6457946,64.68188,-0.0007700000000000001
14,2017-08-02,2017-08-04,0,65.05,65.0,65.05,64.75,65.4,8795237,572230373,65.06139323,65.05,65.0,65.05,64.75,65.4,8795237,65.06139,0.00619
15,2017-08-01,2017-08-03,0,64.65,64.6,64.65,63.25,64.8,9805420,628312568,64.07808824,64.65,64.6,64.65,63.25,64.8,9805420,64.07809,0.02213
16,2017-07-31,2017-08-02,0,63.25,63.2,63.25,62.6,63.25,6023783,379817312,63.05295393,63.25,63.2,63.25,62.6,63.25,6023783,63.05295,0.00717
17,2017-07-28,2017-08-01,0,62.8,62.75,62.8,62.7,63.05,4976483,312833452,62.86235721,62.8,62.75,62.8,62.7,63.05,4976483,62.862359999999995,0.0
18,2017-07-27,2017-07-31,0,62.8,62.75,62.8,62.4,63.25,6359023,400066955,62.91327378,62.8,62.75,62.8,62.4,63.25,6359023,62.91327,0.004
19,2017-07-26,2017-07-28,0,62.55,62.55,62.6,62.3,62.95,7105330,444839937,62.60651328,62.55,62.55,62.6,62.3,62.95,7105330,62.60651,0.0
20,2017-07-25,2017-07-27,0,62.55,62.5,62.55,62.1,62.7,4984127,310787711,62.35549596,62.55,62.5,62.55,62.1,62.7,4984127,62.3555,0.0048200000000000005
21,2017-07-24,2017-07-26,0,62.25,62.2,62.25,61.85,62.3,3929012,244105810,62.12905687,62.25,62.2,62.25,61.85,62.3,3929012,62.129059999999996,0.00484
22,2017-07-21,2017-07-25,0,61.95,61.9,61.95,61.55,62.5,26346894,1618229310,61.42011692,61.95,61.9,61.95,61.55,62.5,26346894,61.42012,0.00896
23,2017-07-20,2017-07-24,0,61.4,61.35,61.4,61.3,61.9,3151957,193767921,61.47543288,61.4,61.35,61.4,61.3,61.9,3151957,61.47543,-0.00647
24,2017-07-19,2017-07-21,0,61.8,61.75,61.8,61.5,62.0,6761537,417742727,61.78221416,61.8,61.75,61.8,61.5,62.0,6761537,61.78221,-0.00483
25,2017-07-18,2017-07-20,0,62.1,62.05,62.1,61.4,62.2,7717582,478269375,61.97140179,62.1,62.05,62.1,61.4,62.2,7717582,61.9714,0.00485
26,2017-07-17,2017-07-19,0,61.8,61.75,61.8,61.7,62.3,5544829,343441572,61.93907368,61.8,61.75,61.8,61.7,62.3,5544829,61.939069999999994,-0.00323
27,2017-07-14,2017-07-18,0,62.0,61.95,62.0,61.65,62.0,2898934,179373955,61.87583263,62.0,61.95,62.0,61.65,62.0,2898934,61.87583000000001,0.00081
28,2017-07-13,2017-07-17,0,61.95,61.9,61.95,61.65,62.25,4936022,305796733,61.95206038,61.95,61.9,61.95,61.65,62.25,4936022,61.952059999999996,0.00978
29,2017-07-12,2017-07-14,0,61.35,61.3,61.35,61.15,62.0,3428978,210616338,61.42248157,61.35,61.3,61.35,61.15,62.0,3428978,61.42248000000001,-0.00081
30,2017-07-11,2017-07-13,0,61.4,61.35,61.4,60.7,61.4,5647320,345453063,61.17115074,61.4,61.35,61.4,60.7,61.4,5647320,61.17115,0.00821
31,2017-07-10,2017-07-12,0,60.9,60.9,60.95,60.25,61.2,5822295,353764628,60.76034072,60.9,60.9,60.95,60.25,61.2,5822295,60.76034,0.013309999999999999
32,2017-07-07,2017-07-11,0,60.1,60.05,60.1,59.8,60.8,5487645,329708462,60.08195902,60.1,60.05,60.1,59.8,60.8,5487645,60.081959999999995,0.01093
33,2017-07-06,2017-07-10,0,59.45,59.4,59.45,59.3,60.25,8544836,509916389,59.67538628,59.45,59.4,59.45,59.3,60.25,8544836,59.67539,0.011909999999999999
34,2017-07-05,2017-07-07,0,58.75,58.7,58.75,58.75,59.75,6711136,396453628,59.07399701,58.75,58.7,58.75,58.75,59.75,6711136,59.074,-0.01261
35,2017-07-04,2017-07-06,0,59.5,59.5,59.55,59.0,60.6,8127902,485244629,59.70109248,59.5,59.5,59.55,59.0,60.6,8127902,59.70109,-0.02459
36,2017-07-03,2017-07-05,0,61.0,61.0,61.05,60.9,61.45,4124414,251854002,61.06419045,61.0,61.0,61.05,60.9,61.45,4124414,61.06419,-0.00245
37,2017-06-30,2017-07-04,0,61.15,61.15,61.2,60.7,61.35,10795832,661837269,61.30488776,61.15,61.15,61.2,60.7,61.35,10795832,61.30489,-0.00891
38,2017-06-29,2017-07-03,0,61.7,61.65,61.7,61.5,61.95,12843380,791452795,61.62340404,61.7,61.65,61.7,61.5,61.95,12843380,61.6234,0.00162
39,2017-06-28,2017-06-30,0,61.6,61.6,61.65,61.15,61.85,6994818,430722753,61.57740673,61.6,61.6,61.65,61.15,61.85,6994818,61.57741,-0.00404
40,2017-06-27,2017-06-29,0,61.85,61.8,61.85,61.45,62.0,5750431,354914076,61.71956085,61.85,61.8,61.85,61.45,62.0,5750431,61.719559999999994,0.0
41,2017-06-26,2017-06-28,0,61.85,61.8,61.85,61.4,62.0,3312111,204495506,61.74174295,61.85,61.8,61.85,61.4,62.0,3312111,61.74174,0.00243
42,2017-06-23,2017-06-27,0,61.7,61.65,61.7,61.15,61.7,4956308,304338735,61.40432253,61.7,61.65,61.7,61.15,61.7,4956308,61.40432,0.00162
43,2017-06-22,2017-06-26,0,61.6,61.6,61.65,61.25,61.9,5318515,327453825,61.56865685,61.6,61.6,61.65,61.25,61.9,5318515,61.568659999999994,-0.00243
44,2017-06-21,2017-06-23,0,61.75,61.75,61.8,61.05,62.2,5304725,327736229,61.78194515,61.75,61.75,61.8,61.05,62.2,5304725,61.78195,-0.00162
45,2017-06-20,2017-06-22,0,61.85,61.85,61.9,61.25,62.0,5796394,357842844,61.73542447,61.85,61.85,61.9,61.25,62.0,5796394,61.73542,0.00733
46,2017-06-19,2017-06-21,0,61.4,61.4,61.45,60.55,61.7,3818470,234411326,61.38880913,61.4,61.4,61.45,60.55,61.7,3818470,61.38881,0.00491
47,2017-06-16,2017-06-20,0,61.1,61.1,61.15,60.6,61.9,11904165,728826312,61.22448000000001,61.1,61.1,61.15,60.6,61.9,11904165,61.22448000000001,0.00411
48,2017-06-15,2017-06-19,0,60.85,60.75,60.85,59.85,61.1,5948694,359845892,60.49157882,60.85,60.75,60.85,59.85,61.1,5948694,60.491580000000006,-0.00328
49,2017-06-14,2017-06-16,0,61.05,61.05,61.15,61.05,61.95,6102504,373921875,61.27351576,61.05,61.05,61.15,61.05,61.95,6102504,61.27352,-0.0057
50,2017-06-13,2017-06-15,0,61.4,61.35,61.4,60.35,61.4,4983220,303559669,60.91636913,61.4,61.35,61.4,60.35,61.4,4983220,60.91636999999999,0.00987
51,2017-06-12,2017-06-14,0,60.8,60.8,60.85,60.2,61.0,6140627,372062844,60.59036707,60.8,60.8,60.85,60.2,61.0,6140627,60.59036999999999,-0.0041
52,2017-06-09,2017-06-13,0,61.05,61.0,61.05,60.45,61.5,8730212,531439829,60.87364534,61.05,61.0,61.05,60.45,61.5,8730212,60.87365,0.0
53,2017-06-08,2017-06-12,0,61.05,61.05,61.1,60.55,61.75,4583861,280055837,61.09605789,61.05,61.05,61.1,60.55,61.75,4583861,61.096059999999994,-0.00164
54,2017-06-07,2017-06-09,0,61.15,61.1,61.15,60.5,62.2,7816427,479559902,61.35282809,61.15,61.1,61.15,60.5,62.2,7816427,61.352830000000004,-0.00245
55,2017-06-06,2017-06-08,0,61.3,61.3,61.35,59.9,61.3,7352980,447955884,60.92167856,61.3,61.3,61.35,59.9,61.3,7352980,60.92168,0.02337
56,2017-06-05,2017-06-07,0,59.9,59.9,59.95,59.5,60.0,4824727,288907331,59.88055511,59.9,59.9,59.95,59.5,60.0,4824727,59.880559999999996,0.00419
57,2017-06-02,2017-06-06,0,59.65,59.6,59.65,58.65,59.7,6454936,383216448,59.36797019,59.65,59.6,59.65,58.65,59.7,6454936,59.36796999999999,0.01273
58,2017-06-01,2017-06-05,0,58.9,58.85,58.9,58.3,58.95,5757287,337917369,58.69385511,58.9,58.85,58.9,58.3,58.95,5757287,58.69386,0.006840000000000001
59,2017-05-31,2017-06-02,0,58.5,58.45,58.5,57.4,58.5,11056128,643163774,58.17260564,58.5,58.45,58.5,57.4,58.5,11056128,58.17261,0.01211
60,2017-05-29,2017-06-01,0,57.8,57.8,57.85,57.45,58.0,5268856,304783886,57.84631161,57.8,57.8,57.85,57.45,58.0,5268856,57.846309999999995,0.0026
61,2017-05-26,2017-05-31,0,57.65,57.6,57.65,57.4,58.0,3462940,199507092,57.61205565,57.65,57.6,57.65,57.4,58.0,3462940,57.61206,0.0034799999999999996
62,2017-05-25,2017-05-29,0,57.45,57.45,57.55,57.4,57.9,4410423,253936172,57.57637578,57.45,57.45,57.55,57.4,57.9,4410423,57.57638000000001,0.00262
63,2017-05-24,2017-05-26,0,57.3,57.3,57.35,56.55,57.45,3771544,215866926,57.23569074,57.3,57.3,57.35,56.55,57.45,3771544,57.235690000000005,0.0008699999999999999
64,2017-05-23,2017-05-25,0,57.25,57.2,57.25,56.6,57.55,6169235,351720170,57.01195853,57.25,57.2,57.25,56.6,57.55,6169235,57.011959999999995,-0.0060799999999999995
65,2017-05-22,2017-05-24,0,57.6,57.6,57.65,57.25,58.2,4344445,250719180,57.71028981,57.6,57.6,57.65,57.25,58.2,4344445,57.71029,0.00611
66,2017-05-19,2017-05-23,0,57.25,57.2,57.25,56.85,57.3,3577715,204259852,57.09226476,57.25,57.2,57.25,56.85,57.3,3577715,57.092259999999996,0.00175
67,2017-05-18,2017-05-22,0,57.15,57.05,57.15,56.8,57.3,7039966,402083163,57.11436149,57.15,57.05,57.15,56.8,57.3,7039966,57.11436,-0.005220000000000001
68,2017-05-17,2017-05-19,0,57.45,57.4,57.45,56.75,57.85,6767676,387990641,57.32996689,57.45,57.4,57.45,56.75,57.85,6767676,57.329969999999996,0.012329999999999999
69,2017-05-16,2017-05-18,0,56.75,56.7,56.75,55.0,56.8,5426539,306443462,56.47125396,56.75,56.7,56.75,55.0,56.8,5426539,56.47125,0.00799
70,2017-05-15,2017-05-17,0,57.45,57.45,57.5,57.15,57.75,5100771,292971492,57.43670751,56.3,56.3,56.349,56.006009999999996,56.593990000000005,5204961,56.28697,0.0008699999999999999
71,2017-05-12,2017-05-16,0,57.4,57.35,57.4,57.05,57.6,4158565,238063500,57.24655019,56.251000000000005,56.202,56.251000000000005,55.90801,56.446999999999996,4243509,56.10061999999999,0.0035
72,2017-05-11,2017-05-15,0,57.2,57.15,57.2,56.55,57.25,5365472,305349748,56.91013726,56.055009999999996,56.006009999999996,56.055009999999996,55.418009999999995,56.104,5475069,55.77094,0.01239
73,2017-05-10,2017-05-12,0,56.5,56.5,56.6,56.5,57.0,5523078,313039870,56.67851694,55.36901999999999,55.36901999999999,55.467009999999995,55.36901999999999,55.85901,5635894,55.54396,0.0
74,2017-05-09,2017-05-11,0,56.5,56.5,56.55,55.8,56.55,7130422,400841314,56.21565091,55.36901999999999,55.36901999999999,55.418009999999995,54.68303,55.418009999999995,7276070,55.09036,0.0017699999999999999
75,2017-05-08,2017-05-10,0,56.4,56.35,56.4,56.0,56.5,4154409,233970413,56.31857937,55.27101999999999,55.22201999999999,55.27101999999999,54.87903000000001,55.36901999999999,4239268,55.191230000000004,0.0035600000000000002
76,2017-05-05,2017-05-09,0,56.2,56.2,56.25,55.6,56.55,8479308,475573153,56.086316599999996,55.075019999999995,55.075019999999995,55.124019999999994,54.487030000000004,55.418009999999995,8652509,54.963609999999996,-0.00266
77,2017-05-04,2017-05-08,0,56.35,56.25,56.35,55.55,56.6,9295449,521731883,56.12766882,55.22201999999999,55.124019999999994,55.22201999999999,54.438030000000005,55.467009999999995,9485321,55.00414,0.00535
78,2017-05-02,2017-05-05,0,56.05,56.0,56.05,55.4,56.35,4428555,247491372,55.88535583,54.92802,54.87903000000001,54.92802,54.29104,55.22201999999999,4519014,54.76668000000001,0.00448
79,2017-04-28,2017-05-04,0,55.8,55.8,55.85,55.45,56.15,5648440,315593768,55.87273088,54.68303,54.68303,54.73203,54.34004,55.026019999999995,5763817,54.7543,0.0063100000000000005
80,2017-04-27,2017-05-02,0,55.45,55.4,55.45,54.8,55.5,3403902,188094004,55.2583488,54.34004,54.29104,54.34004,53.70305,54.389030000000005,3473431,54.15221999999999,0.0018100000000000002
81,2017-04-26,2017-04-28,0,55.35,55.3,55.35,55.2,55.5,4659221,257870071,55.34617718,54.24204,54.19304,54.24204,54.095040000000004,54.389030000000005,4754392,54.23829,0.0036299999999999995
82,2017-04-25,2017-04-27,0,55.15,55.1,55.15,54.2,55.2,3500488,192394047,54.96206443,54.046040000000005,53.997040000000005,54.046040000000005,53.11506,54.095040000000004,3571990,53.861869999999996,0.01193
83,2017-04-24,2017-04-26,0,54.5,54.45,54.5,54.0,54.65,6591982,358923429,54.44848439,53.40905,53.36005,53.40905,52.919059999999995,53.55605,6726632,53.35856999999999,-0.00547
84,2017-04-21,2017-04-25,0,54.8,54.8,54.85,54.55,55.15,5104525,279671182,54.78887497,53.70305,53.70305,53.75204,53.45805,54.046040000000005,5208791,53.69214,0.00091
85,2017-04-20,2017-04-24,0,54.75,54.75,54.8,54.05,55.45,3827708,210033948,54.87198815,53.65405,53.65405,53.70305,52.968059999999994,54.34004,3905894,53.773590000000006,0.0045899999999999995
86,2017-04-19,2017-04-21,0,54.5,54.5,54.55,54.05,54.95,7264789,395385210,54.4248718,53.40905,53.40905,53.45805,52.968059999999994,53.85004,7413182,53.33543,0.0009199999999999999
87,2017-04-18,2017-04-20,0,54.45,54.45,54.5,54.3,55.45,6454365,352727017,54.64937558,53.36005,53.36005,53.40905,53.21305,54.34004,6586204,53.555440000000004,-0.015369999999999998
88,2017-04-13,2017-04-19,0,55.3,55.25,55.3,54.15,55.7,7686905,425224595,55.31804998,54.19304,54.144040000000004,54.19304,53.06606,54.58503,7843920,54.210730000000005,0.00912
89,2017-04-12,2017-04-18,0,54.8,54.75,54.8,53.9,55.3,8976420,490265718,54.61706538,53.70305,53.65405,53.70305,52.821059999999996,54.19304,9159775,53.52376999999999,0.01764
90,2017-04-11,2017-04-13,0,53.85,53.85,53.9,53.45,54.1,5455378,293170628,53.73974599,52.772059999999996,52.772059999999996,52.821059999999996,52.38007,53.01706,5566811,52.664019999999994,0.00093
91,2017-04-10,2017-04-12,0,53.8,53.8,53.85,53.55,54.2,4390931,236338508,53.82423636,52.72306,52.72306,52.772059999999996,52.478069999999995,53.11506,4480621,52.746809999999996,0.0028
92,2017-04-07,2017-04-11,0,53.65,53.6,53.65,53.1,53.65,6428337,343364969,53.41427635,52.576069999999994,52.527069999999995,52.576069999999994,52.03707,52.576069999999994,6559644,52.34506,0.0028
93,2017-04-06,2017-04-10,0,53.5,53.45,53.5,52.7,53.65,10586190,565727977,53.44018736,52.429069999999996,52.38007,52.429069999999996,51.64508,52.576069999999994,10802427,52.37045,0.007529999999999999
94,2017-04-05,2017-04-07,0,53.1,53.1,53.15,52.6,53.3,17488978,925766330,52.93427266,52.03707,52.03707,52.086079999999995,51.54708,52.23307,17846213,51.87467,0.00759
95,2017-04-03,2017-04-06,0,52.7,52.7,52.75,52.3,52.75,7109513,373920724,52.59442159,51.64508,51.64508,51.69408,51.25309,51.69408,7254734,51.54162,0.006690000000000001
96,2017-03-31,2017-04-05,0,52.35,52.3,52.35,52.1,52.8,5694511,297899670,52.31347696,51.30209,51.25309,51.30209,51.05709,51.74308,5810829,51.2663,-0.0019100000000000002
97,2017-03-30,2017-04-03,0,52.45,52.45,52.5,52.25,52.65,8768732,460217687,52.48394945,51.400090000000006,51.400090000000006,51.449090000000005,51.20409,51.596090000000004,8947845,51.43336,-0.00569
98,2017-03-29,2017-03-31,0,52.75,52.7,52.75,52.5,53.45,10302755,543240143,52.72765809,51.69408,51.64508,51.69408,51.449090000000005,52.38007,10513202,51.67219,-0.0131
99,2017-03-28,2017-03-30,0,53.45,53.4,53.45,53.25,54.1,5290167,283487544,53.58763608,52.38007,52.331070000000004,52.38007,52.18407,53.01706,5398225,52.51495,-0.00927
100,2017-03-27,2017-03-29,0,53.95,53.95,54.0,53.15,54.05,13723129,738295446,53.79935188,52.870059999999995,52.870059999999995,52.919059999999995,52.086079999999995,52.968059999999994,14003442,52.72243,-0.00461
101,2017-03-24,2017-03-28,0,54.2,54.15,54.2,54.05,54.55,14162434,768097631,54.23486041,53.11506,53.06606,53.11506,52.968059999999994,53.45805,14451720,53.14921999999999,0.00463
102,2017-03-23,2017-03-27,0,53.95,53.9,53.95,52.75,54.05,15101037,812319170,53.79227731,52.870059999999995,52.821059999999996,52.870059999999995,51.69408,52.968059999999994,15409495,52.7155,0.01792
103,2017-03-22,2017-03-24,0,53.0,52.95,53.0,52.9,53.5,6431785,341622834,53.11477825,51.93908,51.89008,51.93908,51.84108,52.429069999999996,6563162,52.051559999999995,-0.01027
104,2017-03-21,2017-03-23,0,53.55,53.55,53.6,52.4,53.7,7828432,417491611,53.33017021,52.478069999999995,52.478069999999995,52.527069999999995,51.35109,52.625069999999994,7988338,52.262640000000005,0.01038
105,2017-03-20,2017-03-22,0,53.0,52.95,53.0,52.3,53.0,6532439,344441489,52.72785387,51.93908,51.89008,51.93908,51.25309,51.93908,6665872,51.67238,0.013380000000000001
106,2017-03-17,2017-03-21,0,52.3,52.25,52.3,51.9,52.55,7882794,412232206,52.2951895,51.25309,51.20409,51.25309,50.8611,51.49808,8043810,51.24838,0.0038399999999999997
107,2017-03-16,2017-03-20,0,52.1,52.1,52.15,51.85,52.5,8011427,416877208,52.03532504,51.05709,51.05709,51.10609,50.8121,51.449090000000005,8175071,50.99371,0.00969
108,2017-03-15,2017-03-17,0,51.6,51.55,51.6,51.25,51.85,7425414,383356035,51.6275638,50.5671,50.5181,50.5671,50.224109999999996,50.8121,7577088,50.59411,-0.00193
109,2017-03-14,2017-03-16,0,51.7,51.55,51.7,50.95,51.7,11177872,573815375,51.334938799999996,50.6651,50.5181,50.6651,49.93011,50.6651,11406194,50.30735,0.00878
110,2017-03-13,2017-03-15,0,51.25,51.2,51.25,50.95,51.4,10287615,527106049,51.23695327,50.224109999999996,50.17511,50.224109999999996,49.93011,50.371109999999994,10497753,50.21132,0.0049
111,2017-03-10,2017-03-14,0,51.0,50.95,51.0,50.8,51.8,5048216,258686707,51.24319304,49.97911,49.93011,49.97911,49.783120000000004,50.7631,5151332,50.21744,0.00394
112,2017-03-09,2017-03-13,0,50.8,50.75,50.8,50.6,51.1,5641254,286604944,50.80518339,49.783120000000004,49.734120000000004,49.783120000000004,49.58712,50.07711,5756484,49.7882,-0.007809999999999999
113,2017-03-08,2017-03-10,0,51.2,51.2,51.25,50.85,51.4,6107432,312370800,51.14601358,50.17511,50.17511,50.224109999999996,49.83211,50.371109999999994,6232184,50.1222,0.00098
114,2017-03-07,2017-03-09,0,51.15,51.1,51.15,50.9,51.7,6872417,351492047,51.14533169,50.12611,50.07711,50.12611,49.88112,50.6651,7012795,50.12153,0.00196
115,2017-03-06,2017-03-08,0,51.05,51.0,51.05,50.85,51.95,5151269,263048105,51.064719200000006,50.02811,49.97911,50.02811,49.83211,50.9101,5256490,50.04254,-0.008740000000000001
116,2017-03-03,2017-03-07,0,51.5,51.45,51.5,51.3,52.35,6440246,332233033,51.58700972,50.4691,50.42011,50.4691,50.273109999999996,51.30209,6571796,50.55437,-0.0153
117,2017-03-02,2017-03-06,0,52.3,52.25,52.3,52.15,53.6,8490449,446755753,52.61862512,51.25309,51.20409,51.25309,51.10609,52.527069999999995,8663877,51.56534,-0.01599
118,2017-03-01,2017-03-03,0,53.15,53.05,53.15,52.25,53.25,5457187,288293624,52.82824723,52.086079999999995,51.98808,52.086079999999995,51.20409,52.18407,5568657,51.770759999999996,0.00663
119,2017-02-28,2017-03-02,0,52.8,52.8,52.85,52.8,53.9,5675278,301620068,53.14630719,51.74308,51.74308,51.79208,51.74308,52.821059999999996,5791203,52.08246,-0.00938
120,2017-02-27,2017-03-01,0,53.3,53.3,53.35,52.7,53.4,4216230,223786538,53.077402799999994,52.23307,52.23307,52.282070000000004,51.64508,52.331070000000004,4302352,52.01493,-0.00281
121,2017-02-24,2017-02-28,0,53.45,53.4,53.45,53.2,53.75,3509942,187426420,53.39872283,52.38007,52.331070000000004,52.38007,52.13507,52.67406,3581637,52.32982,0.00187
122,2017-02-23,2017-02-27,0,53.35,53.35,53.4,53.05,53.8,4737015,252718561,53.34974895,52.282070000000004,52.282070000000004,52.331070000000004,51.98808,52.72306,4833775,52.28183,0.0009400000000000001
123,2017-02-22,2017-02-24,0,53.3,53.3,53.35,52.75,54.4,8688370,465121332,53.53378505,52.23307,52.23307,52.282070000000004,51.69408,53.31105,8865841,52.462180000000004,0.01139
124,2017-02-21,2017-02-23,0,52.7,52.6,52.7,52.0,53.3,6962720,366394991,52.6223934,51.64508,51.54708,51.64508,50.95909,52.23307,7104943,51.56903,0.00861
125,2017-02-20,2017-02-22,0,52.25,52.25,52.3,51.95,52.35,2321074,121172068,52.20517226,51.20409,51.20409,51.25309,50.9101,51.30209,2368485,51.16016,0.0019199999999999998
126,2017-02-17,2017-02-21,0,52.15,52.15,52.2,51.65,52.35,3407828,177481260,52.08046298,51.10609,51.10609,51.15509,50.6161,51.30209,3477437,51.03795,0.00288
127,2017-02-16,2017-02-20,0,52.0,51.95,52.0,51.6,52.5,7466908,388785451,52.06779714,50.95909,50.9101,50.95909,50.5671,51.449090000000005,7619429,51.025529999999996,-0.01515
128,2017-02-15,2017-02-17,0,52.8,52.75,52.8,52.25,53.15,5955503,314116765,52.74395211,51.74308,51.69408,51.74308,51.20409,52.086079999999995,6077152,51.68815,0.0038
129,2017-02-14,2017-02-16,0,52.6,52.55,52.6,52.05,52.7,4167773,218802550,52.49867255,51.54708,51.49808,51.54708,51.00809,51.64508,4252905,51.447790000000005,0.0038200000000000005
130,2017-02-13,2017-02-15,0,52.4,52.35,52.4,52.05,52.8,2823268,148018897,52.42821333,51.35109,51.30209,51.35109,51.00809,51.74308,2880937,51.37874,-0.00475
131,2017-02-10,2017-02-14,0,52.65,52.6,52.65,52.25,52.8,6065160,319152990,52.62070415,51.596090000000004,51.54708,51.596090000000004,51.20409,51.74308,6189049,51.567370000000004,0.0125
132,2017-02-09,2017-02-13,0,52.0,52.0,52.05,51.75,52.25,6006167,312539594,52.03644754,50.95909,50.95909,51.00809,50.7141,51.20409,6128851,50.99481,0.00193
133,2017-02-08,2017-02-10,0,51.9,51.9,51.95,51.35,52.15,7530532,390458452,51.85004884,50.8611,50.8611,50.9101,50.3221,51.10609,7684353,50.81215,0.00581
134,2017-02-07,2017-02-09,0,51.6,51.55,51.6,51.25,51.8,3733264,192430597,51.54486717,50.5671,50.5181,50.5671,50.224109999999996,50.7631,3809521,50.51307,0.00585
135,2017-02-06,2017-02-08,0,51.3,51.3,51.35,50.95,51.7,3460490,177828426,51.38822132,50.273109999999996,50.273109999999996,50.3221,49.93011,50.6651,3531175,50.359559999999995,0.00098
136,2017-02-03,2017-02-07,0,51.25,51.25,51.3,50.65,51.45,5184825,265248819,51.15868308,50.224109999999996,50.224109999999996,50.273109999999996,49.63612,50.42011,5290732,50.13462,0.0
137,2017-02-02,2017-02-06,0,51.25,51.2,51.25,51.0,51.6,3484802,178742623,51.29204557,50.224109999999996,50.17511,50.224109999999996,49.97911,50.5671,3555984,50.26531,-0.0009699999999999999
138,2017-02-01,2017-02-03,0,51.3,51.3,51.35,50.5,51.45,4845083,247272677,51.03579794,50.273109999999996,50.273109999999996,50.3221,49.48912,50.42011,4944050,50.01419,-0.00195
139,2017-01-27,2017-02-02,0,51.4,51.2,51.4,50.8,51.4,2323246,118906901,51.18136478,50.371109999999994,50.17511,50.371109999999994,49.783120000000004,50.371109999999994,2370701,50.15685,0.00293
140,2017-01-26,2017-02-02,0,51.25,51.2,51.25,50.45,51.4,5252698,268660309,51.14710745,50.224109999999996,50.17511,50.224109999999996,49.44012,50.371109999999994,5359991,50.12328,0.01787
141,2017-01-25,2017-02-01,0,50.35,50.35,50.4,50.2,51.05,5478235,276513389,50.4749046,49.34212,49.34212,49.39112,49.19513,50.02811,5590135,49.464529999999996,0.0
142,2017-01-24,2017-01-26,0,50.35,50.3,50.35,50.0,50.45,5880383,295461542,50.24528878,49.34212,49.29312,49.34212,48.99913,49.44012,6000497,49.239509999999996,-0.00198
143,2017-01-23,2017-01-25,0,50.45,50.4,50.45,50.35,51.7,5990655,303694068,50.69463489,49.44012,49.39112,49.44012,49.34212,50.6651,6113022,49.67986,-0.00981
144,2017-01-20,2017-01-24,0,50.95,50.95,51.05,50.85,51.75,13559536,693498039,51.14467331,49.93011,49.93011,50.02811,49.83211,50.7141,13836507,50.12089,-0.02207
145,2017-01-19,2017-01-23,0,52.1,52.1,52.15,51.7,52.4,8823259,459624248,52.09234456,51.05709,51.05709,51.10609,50.6651,51.35109,9003485,51.04959,-0.00573
146,2017-01-18,2017-01-20,0,52.4,52.35,52.4,50.7,52.4,14036621,732136881,52.15905459,51.35109,51.30209,51.35109,49.68512,51.35109,14323337,51.11497,0.033530000000000004
147,2017-01-17,2017-01-19,0,50.7,50.65,50.7,49.95,50.9,8998831,455603838,50.62922484,49.68512,49.63612,49.68512,48.95013,49.88112,9182644,49.615759999999995,0.022180000000000002
148,2017-01-16,2017-01-18,0,49.6,49.55,49.6,48.8,49.8,11828857,584635907,49.4245477,48.60714,48.55814,48.60714,47.82315,48.803129999999996,12070477,48.4352,-0.013919999999999998
149,2017-01-13,2017-01-17,0,50.3,50.25,50.3,50.0,50.7,9292971,466683488,50.21897604,49.29312,49.24413,49.29312,48.99913,49.68512,9482792,49.21372,-0.01082
150,2017-01-12,2017-01-16,0,50.85,50.85,50.9,50.8,51.85,8622107,440421700,51.08051895,49.83211,49.83211,49.88112,49.783120000000004,50.8121,8798225,50.05802,-0.01929
151,2017-01-11,2017-01-13,0,51.85,51.85,51.9,50.5,51.85,7453279,383865795,51.50294186,50.8121,50.8121,50.8611,49.48912,50.8121,7605522,50.471990000000005,0.02369
152,2017-01-10,2017-01-12,0,50.65,50.6,50.65,49.8,50.65,8117427,408202141,50.28713421,49.63612,49.58712,49.63612,48.803129999999996,49.63612,8283236,49.28052,0.01605
153,2017-01-09,2017-01-11,0,49.85,49.85,49.9,49.65,50.2,6792161,338432319,49.82689883,48.852129999999995,48.852129999999995,48.90113,48.65614,49.19513,6930900,48.82949,0.00707
154,2017-01-06,2017-01-10,0,49.5,49.35,49.5,49.1,50.0,8472937,420304461,49.60552179,48.50914,48.362140000000004,48.50914,48.11714,48.99913,8646008,48.61255,0.0071200000000000005
155,2017-01-05,2017-01-09,0,49.15,49.1,49.15,48.6,49.35,5669718,277985723,49.029902899999996,48.16615,48.11714,48.16615,47.62715,48.362140000000004,5785529,48.04845,0.00821
156,2017-01-04,2017-01-06,0,48.75,48.7,48.75,48.6,49.2,4787090,233695231,48.81780602,47.77415,47.72515,47.77415,47.62715,48.215140000000005,4884872,47.8406,0.01036
157,2017-01-03,2017-01-05,0,48.25,48.25,48.3,47.2,49.0,5592216,269864016,48.257080200000004,47.28416,47.28416,47.33316,46.255179999999996,48.01915,5706444,47.2911,0.014719999999999999
158,2016-12-30,2017-01-04,0,47.55,47.55,47.6,46.95,48.0,4038695,192619681,47.69354482,46.59817,46.59817,46.64717,46.01018,47.039159999999995,4121191,46.73884,0.0117
159,2016-12-29,2017-01-03,0,47.0,46.95,47.0,46.5,47.2,6279947,294467446,46.89011643,46.05918,46.01018,46.05918,45.56919,46.255179999999996,6408223,45.9515,-0.00212
160,2016-12-28,2016-12-30,0,47.1,47.05,47.1,46.5,47.4,9217428,432524425,46.92463288,46.15718,46.10818,46.15718,45.56919,46.45118,9405706,45.98532,-0.00633
161,2016-12-23,2016-12-29,0,47.4,47.4,47.45,47.35,48.3,6150548,292395041,47.53967305,46.45118,46.45118,46.500170000000004,46.40217,47.33316,6276181,46.58805,-0.01863
162,2016-12-22,2016-12-28,0,48.3,48.3,48.35,47.9,48.6,4636916,223537844,48.20830138,47.33316,47.33316,47.38216,46.94117,47.62715,4731631,47.2433,-0.00515
163,2016-12-21,2016-12-23,0,48.55,48.55,48.65,48.4,48.95,4082745,198577049,48.6381219,47.57815,47.57815,47.67615,47.43116,47.97015,4166140,47.66451,-0.0030800000000000003
164,2016-12-20,2016-12-22,0,48.7,48.7,48.8,48.5,49.4,6225800,303510134,48.75038292,47.72515,47.72515,47.82315,47.52916,48.41114,6352970,47.77453,-0.02012
165,2016-12-19,2016-12-21,0,49.7,49.65,49.7,49.5,50.4,4867107,242345099,49.79243296,48.70514,48.65614,48.70514,48.50914,49.39112,4966524,48.79572,-0.01291
166,2016-12-16,2016-12-20,0,50.35,50.25,50.35,50.0,50.75,6145727,308945060,50.26989647,49.34212,49.24413,49.34212,48.99913,49.734120000000004,6271261,49.26362,0.00199
167,2016-12-15,2016-12-19,0,50.25,50.25,50.3,50.0,50.65,6989502,350838499,50.19506383,49.24413,49.24413,49.29312,48.99913,49.63612,7132272,49.190290000000005,-0.02427
168,2016-12-14,2016-12-16,0,51.5,51.45,51.5,51.15,51.85,4630360,237889823,51.37609667,50.4691,50.42011,50.4691,50.12611,50.8121,4724941,50.34768,0.00195
169,2016-12-13,2016-12-15,0,51.4,51.35,51.4,50.55,51.45,4666154,238363487,51.08350196,50.371109999999994,50.3221,50.371109999999994,49.53812,50.42011,4761466,50.06094,0.00195
170,2016-12-12,2016-12-14,0,51.3,51.3,51.35,51.0,53.0,9632662,499752531,51.88104088,50.273109999999996,50.273109999999996,50.3221,49.97911,51.93908,9829422,50.84252,-0.031160000000000004
171,2016-12-09,2016-12-13,0,52.95,52.9,52.95,51.9,53.1,12162600,640839210,52.68932712,51.89008,51.84108,51.89008,50.8611,52.03707,12411037,51.63462,0.018269999999999998
172,2016-12-08,2016-12-12,0,52.0,51.95,52.0,51.55,52.15,20539701,1065084641,51.85492432,50.95909,50.9101,50.95909,50.5181,51.10609,20959251,50.81692,0.018609999999999998
173,2016-12-07,2016-12-09,0,51.05,51.05,51.1,50.7,51.3,18678944,953656305,51.05515092,50.02811,50.02811,50.07711,49.68512,50.273109999999996,19060485,50.033159999999995,0.0069
174,2016-12-06,2016-12-08,0,50.7,50.65,50.7,50.45,51.15,9576725,485208500,50.66538926,49.68512,49.63612,49.68512,49.44012,50.12611,9772342,49.6512,-0.00588
175,2016-12-05,2016-12-07,0,51.0,50.95,51.0,50.1,52.3,11276946,570239392,50.56682829,49.97911,49.93011,49.97911,49.09713,51.25309,11507292,49.55461,-0.01258
176,2016-12-02,2016-12-06,0,51.65,51.65,51.7,51.65,52.4,3919900,203519394,51.91953723,50.6161,50.6161,50.6651,50.6161,51.35109,3999969,50.88024,-0.01806
177,2016-12-01,2016-12-05,0,52.6,52.55,52.6,52.2,53.0,6643126,350008984,52.68739205,51.54708,51.49808,51.54708,51.15509,51.93908,6778820,51.63273,-0.00942
178,2016-11-30,2016-12-02,0,53.1,52.95,53.1,51.6,53.1,7702052,404781919,52.5550748,52.03707,51.89008,52.03707,50.5671,52.03707,7859376,51.50306,0.02214
179,2016-11-29,2016-12-01,0,51.95,51.9,51.95,51.35,51.95,5550875,287346986,51.76607039,50.9101,50.8611,50.9101,50.3221,50.9101,5664259,50.72985,0.008740000000000001
180,2016-11-28,2016-11-30,0,51.5,51.45,51.6,50.8,51.9,4686011,242172195,51.67981787,50.4691,50.42011,50.5671,49.783120000000004,50.8611,4781729,50.64532,0.00586
181,2016-11-25,2016-11-29,0,51.2,51.15,51.2,51.05,51.7,3215472,164979111,51.3078985,50.17511,50.12611,50.17511,50.02811,50.6651,3281152,50.28085,-0.00583
182,2016-11-24,2016-11-28,0,51.5,51.45,51.5,51.1,51.75,1650244,84935356,51.46836225,50.4691,50.42011,50.4691,50.07711,50.7141,1683952,50.4381,-0.00771
183,2016-11-23,2016-11-25,0,51.9,51.85,51.9,51.55,52.1,3453783,179285227,51.90981223,50.8611,50.8121,50.8611,50.5181,51.05709,3524331,50.870709999999995,0.00387
184,2016-11-22,2016-11-24,0,51.7,51.65,51.7,51.0,51.95,4813028,248806197,51.69431738,50.6651,50.6161,50.6651,49.97911,50.9101,4911340,50.65953,0.01872
185,2016-11-21,2016-11-23,0,50.75,50.75,50.9,50.4,51.4,3301783,167931611,50.86088668,49.734120000000004,49.734120000000004,49.88112,49.39112,50.371109999999994,3369226,49.84278,0.0
186,2016-11-18,2016-11-22,0,50.75,50.7,50.75,50.25,50.85,5390175,272439853,50.54378624,49.734120000000004,49.68512,49.734120000000004,49.24413,49.83211,5500276,49.53203,-0.00295
187,2016-11-17,2016-11-21,0,50.9,50.85,50.9,50.1,50.9,7331570,370416312,50.52346387,49.88112,49.83211,49.88112,49.09713,49.88112,7481327,49.51212,0.00394
188,2016-11-16,2016-11-18,0,50.7,50.65,50.7,50.7,51.5,5442549,276600227,50.82181658,49.68512,49.63612,49.68512,49.68512,50.4691,5553720,49.8045,-0.009770000000000001
189,2016-11-15,2016-11-17,0,51.2,51.2,51.35,51.0,51.9,5196217,266308458,51.250449700000004,50.17511,50.17511,50.3221,49.97911,50.8611,5302356,50.22455,-0.00098
190,2016-11-14,2016-11-16,0,51.25,51.25,51.4,51.25,52.1,7037285,363165563,51.60591947,50.224109999999996,50.224109999999996,50.371109999999994,50.224109999999996,51.05709,7181031,50.5729,-0.02101
191,2016-11-11,2016-11-15,0,52.35,52.3,52.35,51.6,52.65,6200852,322719307,52.04434923,51.30209,51.25309,51.30209,50.5671,51.596090000000004,6327512,51.002559999999995,-0.0104
192,2016-11-10,2016-11-14,0,52.9,52.85,52.9,52.4,53.0,6892237,363502409,52.74084582,51.84108,51.79208,51.84108,51.35109,51.93908,7033020,51.685109999999995,0.021240000000000002
193,2016-11-09,2016-11-11,0,51.8,51.8,51.9,50.85,53.65,16056154,828217466,51.582556200000006,50.7631,50.7631,50.8611,49.83211,52.576069999999994,16384122,50.55001,-0.03178
194,2016-11-08,2016-11-10,0,53.5,53.45,53.5,52.7,54.0,9174758,489373354,53.33910213,52.429069999999996,52.38007,52.429069999999996,51.64508,52.919059999999995,9362164,52.271390000000004,0.01326
195,2016-11-07,2016-11-09,0,52.8,52.75,52.8,52.5,55.0,25282591,1348128349,53.32239678,51.74308,51.69408,51.74308,51.449090000000005,53.89904,25799020,52.25502,-0.08807999999999999
196,2016-11-04,2016-11-08,0,57.9,57.9,57.95,57.75,58.4,4150273,241139152,58.10199763,56.740990000000004,56.740990000000004,56.78999,56.593990000000005,57.23098,4235048,56.93895,-0.00086
197,2016-11-03,2016-11-07,0,57.95,57.9,57.95,57.65,58.5,5255571,304794189,57.99449556,56.78999,56.740990000000004,56.78999,56.496,57.32898,5362923,56.8336,-0.00771
198,2016-11-02,2016-11-04,0,58.4,58.35,58.4,57.7,58.45,6114461,355434148,58.13008669,57.23098,57.18198,57.23098,56.545,57.27998,6239357,56.966469999999994,-0.00086
199,2016-11-01,2016-11-03,0,58.45,58.4,58.45,58.0,58.7,6813278,397706918,58.37233091,57.27998,57.23098,57.27998,56.83899,57.524980000000006,6952448,57.203869999999995,0.01741
200,2016-10-31,2016-11-02,0,57.45,57.35,57.45,55.5,57.7,11500059,657810364,57.20060775,56.3,56.202,56.3,54.389030000000005,56.545,11734963,56.0556,0.03142
201,2016-10-28,2016-11-01,0,55.7,55.6,55.7,55.0,56.05,5692558,316554304,55.60844597,54.58503,54.487030000000004,54.58503,53.89904,54.92802,5808836,54.495309999999996,0.0018
202,2016-10-27,2016-10-31,0,55.6,55.55,55.6,54.95,55.95,4708553,261253886,55.48496237,54.487030000000004,54.438030000000005,54.487030000000004,53.85004,54.83003000000001,4804731,54.3743,0.00633
203,2016-10-26,2016-10-28,0,55.25,55.2,55.25,55.0,55.65,3730372,206578836,55.37754304,54.144040000000004,54.095040000000004,54.144040000000004,53.89904,54.536030000000004,3806570,54.26903000000001,-0.00361
204,2016-10-25,2016-10-27,0,55.45,55.45,55.5,55.35,55.85,3498191,193972403,55.44934596,54.34004,54.34004,54.389030000000005,54.24204,54.73203,3569646,54.33939,0.0
205,2016-10-24,2016-10-26,0,55.45,55.4,55.45,54.75,55.8,6840669,378157705,55.28080733,54.34004,54.29104,54.34004,53.65405,54.68303,6980398,54.17423,0.00818
206,2016-10-20,2016-10-25,0,55.0,54.95,55.0,54.7,55.25,2531331,139206728,54.99349078,53.89904,53.85004,53.89904,53.60505,54.144040000000004,2583037,53.89266,0.0027300000000000002
207,2016-10-19,2016-10-24,0,54.85,54.8,54.85,54.25,55.35,3197619,175444977,54.86738007,53.75204,53.70305,53.75204,53.16406,54.24204,3262934,53.76908,-0.0036299999999999995
208,2016-10-18,2016-10-20,0,55.05,55.0,55.05,54.3,55.25,3616171,198776644,54.96881757,53.94804,53.89904,53.94804,53.21305,54.144040000000004,3690036,53.868480000000005,0.01381
209,2016-10-17,2016-10-19,0,54.3,54.3,54.35,54.2,55.3,2467523,134275302,54.41704171,53.21305,53.21305,53.26205,53.11506,54.19304,2517925,53.32775,-0.013619999999999998
210,2016-10-14,2016-10-18,0,55.05,55.05,55.1,54.7,55.45,2817727,155141333,55.05903624,53.94804,53.94804,53.997040000000005,53.60505,54.34004,2875283,53.9569,0.00732
211,2016-10-13,2016-10-17,0,54.65,54.55,54.65,54.15,55.0,4040227,220264692,54.51790011,53.55605,53.45805,53.55605,53.06606,53.89904,4122754,53.426590000000004,-0.00183
212,2016-10-12,2016-10-14,0,54.75,54.75,54.8,54.35,54.9,4136125,226169511,54.68149802,53.65405,53.65405,53.70305,53.26205,53.80105,4220611,53.58691999999999,-0.00635
213,2016-10-11,2016-10-13,0,55.1,55.1,55.15,54.5,57.2,9604434,531664107,55.35611021,53.997040000000005,53.997040000000005,54.046040000000005,53.40905,56.055009999999996,9800617,54.24802,-0.029930000000000002
214,2016-10-07,2016-10-12,0,56.8,56.6,56.8,56.05,57.1,4339469,245457052,56.56384502,55.66301,55.467009999999995,55.66301,54.92802,55.957,4428108,55.431580000000004,0.0053100000000000005
215,2016-10-06,2016-10-11,0,56.5,56.45,56.5,56.35,57.1,3784104,214153608,56.59294988,55.36901999999999,55.32001999999999,55.36901999999999,55.22201999999999,55.957,3861399,55.46011,-0.00441
216,2016-10-05,2016-10-07,0,56.75,56.75,56.85,56.3,57.25,3106786,176403485,56.78005662,55.61401,55.61401,55.71201,55.173019999999994,56.104,3170246,55.64346999999999,-0.00176
217,2016-10-04,2016-10-06,0,56.85,56.85,56.9,56.5,57.4,3321955,188926950,56.87221832,55.71201,55.71201,55.76101,55.36901999999999,56.251000000000005,3389810,55.73378,-0.004379999999999999
218,2016-10-03,2016-10-05,0,57.1,57.05,57.1,56.7,57.5,4169784,237578476,56.97620692,55.957,55.90801,55.957,55.56501,56.349,4254957,55.83569,0.00883
219,2016-09-30,2016-10-04,0,56.6,56.55,56.6,56.0,56.65,6364642,358560610,56.33633596,55.467009999999995,55.418009999999995,55.467009999999995,54.87903000000001,55.51602,6494648,55.20863000000001,-0.013080000000000001
220,2016-09-29,2016-10-03,0,57.35,57.35,57.4,56.85,57.55,3428322,196007447,57.17299804,56.202,56.202,56.251000000000005,55.71201,56.398,3498350,56.02854,0.004379999999999999
221,2016-09-28,2016-09-30,0,57.1,57.1,57.15,56.1,57.1,3369733,191147765,56.72489927,55.957,55.957,56.006009999999996,54.977019999999996,55.957,3438564,55.58941,0.007940000000000001
222,2016-09-27,2016-09-29,0,56.65,56.65,56.75,56.3,57.2,4808650,273516801,56.88016408,55.51602,55.51602,55.61401,55.173019999999994,56.055009999999996,4906873,55.741569999999996,0.00443
223,2016-09-26,2016-09-28,0,56.4,56.35,56.4,56.0,56.75,3447165,194649335,56.46649783,55.27101999999999,55.22201999999999,55.27101999999999,54.87903000000001,55.61401,3517578,55.336180000000006,-0.01226
224,2016-09-23,2016-09-27,0,57.1,57.05,57.1,56.8,57.55,4521415,258777533,57.23374939,55.957,55.90801,55.957,55.66301,56.398,4613771,56.088080000000005,0.00351
225,2016-09-22,2016-09-26,0,56.9,56.9,57.05,56.65,57.8,5929944,339094926,57.18349549,55.76101,55.76101,55.90801,55.51602,56.642990000000005,6051071,56.038830000000004,0.01517
226,2016-09-21,2016-09-23,0,56.05,56.0,56.05,55.8,56.65,5421007,304670027,56.20174019,54.92802,54.87903000000001,54.92802,54.68303,55.51602,5531738,55.076730000000005,-0.00267
227,2016-09-20,2016-09-22,0,56.2,56.15,56.2,55.85,56.55,5425361,304615172,56.14652592,55.075019999999995,55.026019999999995,55.075019999999995,54.73203,55.418009999999995,5536181,55.022619999999996,-0.01317
228,2016-09-19,2016-09-21,0,56.95,56.75,56.95,56.1,57.0,4550111,257578936,56.60937414,55.81001,55.61401,55.81001,54.977019999999996,55.85901,4643053,55.4762,0.01155
229,2016-09-15,2016-09-20,0,56.3,56.3,56.45,55.9,56.85,7007357,395456830,56.43452018,55.173019999999994,55.173019999999994,55.32001999999999,54.78103,55.71201,7150491,55.30485,0.0135
230,2016-09-14,2016-09-19,0,55.55,55.55,55.7,55.3,56.35,4617048,257283999,55.72478324,54.438030000000005,54.438030000000005,54.58503,54.19304,55.22201999999999,4711357,54.60932,-0.0009
231,2016-09-13,2016-09-15,0,55.6,55.6,55.75,55.6,57.35,8189972,461829691,56.38965445,54.487030000000004,54.487030000000004,54.63403,54.487030000000004,56.202,8357263,55.26088000000001,-0.011559999999999999
232,2016-09-12,2016-09-14,0,56.25,56.2,56.25,56.05,57.7,8985764,511211576,56.89127558,55.124019999999994,55.075019999999995,55.124019999999994,54.92802,56.545,9169310,55.75246,-0.03764
233,2016-09-09,2016-09-13,0,58.45,58.4,58.45,56.75,59.75,10544572,616241554,58.44159004,57.27998,57.23098,57.27998,55.61401,58.55396,10759958,57.27174,0.0215
234,2016-09-08,2016-09-12,0,57.6,57.55,57.6,56.0,57.7,8531434,488174324,57.22066466,56.0746,56.02593,56.0746,54.516980000000004,56.17196,8763514,55.70531,0.01587
235,2016-09-07,2016-09-09,0,56.7,56.7,56.75,55.8,56.9,7021156,396488590,56.47055699,55.198440000000005,55.198440000000005,55.24711,54.322269999999996,55.39314,7212152,54.975069999999995,0.008
236,2016-09-06,2016-09-08,0,56.25,56.25,56.3,55.65,56.65,6581441,369787787,56.18644716,54.76036,54.76036,54.80903000000001,54.17625,55.14976,6760476,54.69849,0.00446
237,2016-09-05,2016-09-07,0,56.0,56.0,56.05,55.35,56.35,10568943,589076657,55.73657243,54.516980000000004,54.516980000000004,54.56565,53.884190000000004,54.85771,10856450,54.26051999999999,0.02283
238,2016-09-02,2016-09-06,0,54.75,54.7,54.75,54.1,54.85,4962360,270555664,54.52157119,53.30008,53.2514,53.30008,52.66729,53.39743000000001,5097351,53.0777,0.007359999999999999
239,2016-09-01,2016-09-05,0,54.35,54.3,54.4,53.75,54.55,4412252,239784686,54.34519289,52.910669999999996,52.861999999999995,52.95935,52.32656,53.105380000000004,4532278,52.90599,-0.00275
240,2016-08-31,2016-09-02,0,54.5,54.4,54.5,54.2,54.8,5034720,274359153,54.49342823,53.0567,52.95935,53.0567,52.76465,53.34875,5171679,53.0503,0.0
241,2016-08-30,2016-09-01,0,54.5,54.5,54.6,54.35,54.95,4810753,263101209,54.69023436,53.0567,53.0567,53.15405,52.910669999999996,53.494780000000006,4941620,53.2419,0.0
242,2016-08-29,2016-08-31,0,54.5,54.4,54.5,54.3,55.3,2660108,144925297,54.48098235,53.0567,52.95935,53.0567,52.861999999999995,53.83551,2732471,53.03819,-0.01179
243,2016-08-26,2016-08-30,0,55.15,55.15,55.25,54.6,55.45,4541231,250033218,55.05846719,53.68949,53.68949,53.786840000000005,53.15405,53.98154,4664766,53.60038,0.00547
244,2016-08-25,2016-08-29,0,54.85,54.8,54.85,54.1,54.95,5733093,312513196,54.51040058,53.39743000000001,53.34875,53.39743000000001,52.66729,53.494780000000006,5889050,53.06683,0.00274
245,2016-08-24,2016-08-26,0,54.7,54.65,54.7,54.2,56.0,6471422,354266747,54.74326153,53.2514,53.20273,53.2514,52.76465,54.516980000000004,6647464,53.293519999999994,-0.02147
246,2016-08-23,2016-08-25,0,55.9,55.9,55.95,55.8,56.4,5495305,307998618,56.04759299,54.419630000000005,54.419630000000005,54.4683,54.322269999999996,54.906380000000006,5644794,54.563309999999994,0.007209999999999999
247,2016-08-22,2016-08-24,0,55.5,55.4,55.5,54.9,55.95,4683635,259478980,55.40119587,54.03021999999999,53.932869999999994,54.03021999999999,53.44611,54.4683,4811044,53.93403000000001,0.00817
248,2016-08-19,2016-08-23,0,55.05,55.0,55.05,54.65,55.45,6742291,371056647,55.03420825,53.592130000000004,53.543459999999996,53.592130000000004,53.20273,53.98154,6925701,53.57676,0.01195
249,2016-08-18,2016-08-22,0,54.4,54.4,54.55,53.85,55.2,4643731,253417933,54.57205273,52.95935,52.95935,53.105380000000004,52.42391,53.73816,4770054,53.12684,0.007409999999999999
250,2016-08-17,2016-08-19,0,54.0,54.0,54.1,54.0,55.0,7673288,416965737,54.33990448,52.56994,52.56994,52.66729,52.56994,53.543459999999996,7882024,52.90084,-0.01818
251,2016-08-16,2016-08-18,0,55.0,55.0,55.1,54.75,55.5,5532263,305086631,55.14680539,53.543459999999996,53.543459999999996,53.640809999999995,53.30008,54.03021999999999,5682757,53.68638000000001,0.00365
252,2016-08-15,2016-08-17,0,54.8,54.8,54.85,54.8,55.8,10108661,557264588,55.12743854,53.34875,53.34875,53.39743000000001,53.34875,54.322269999999996,10383647,53.667519999999996,-0.00091
253,2016-08-12,2016-08-16,0,54.85,54.85,54.9,54.65,57.0,15224411,842248037,55.32220833,53.39743000000001,53.39743000000001,53.44611,53.20273,55.49049,15638560,53.857130000000005,-0.038560000000000004
254,2016-08-11,2016-08-15,0,57.05,57.05,57.15,56.8,58.15,5512509,316894692,57.48647159,55.53917,55.53917,55.63652,55.295790000000004,56.610040000000005,5662466,55.96408,-0.012980000000000002
255,2016-08-10,2016-08-12,0,57.8,57.75,57.8,57.25,58.0,8725513,503023037,57.64968054,56.26931,56.22063000000001,56.26931,55.733869999999996,56.464009999999995,8962873,56.122969999999995,0.015819999999999997
256,2016-08-09,2016-08-11,0,56.9,56.85,56.9,56.2,57.1,3729793,211863291,56.80296226,55.39314,55.34446,55.39314,54.71168,55.58784,3831254,55.298669999999994,0.0070799999999999995
257,2016-08-08,2016-08-10,0,56.5,56.5,56.55,54.75,56.8,5791058,324899918,56.10372371,55.003730000000004,55.003730000000004,55.052409999999995,53.30008,55.295790000000004,5948592,54.61795,0.02541
258,2016-08-05,2016-08-09,0,55.1,55.05,55.1,54.65,55.1,7050360,386907073,54.87763362,53.640809999999995,53.592130000000004,53.640809999999995,53.20273,53.640809999999995,7242151,53.424330000000005,0.01287
259,2016-08-04,2016-08-08,0,54.4,54.3,54.4,54.05,54.9,3030744,164499642,54.27698347,52.95935,52.861999999999995,52.95935,52.61861999999999,53.44611,3113189,52.83959,0.00928
260,2016-08-03,2016-08-05,0,53.9,53.9,54.0,53.8,55.1,6257563,340703397,54.44665871,52.472590000000004,52.472590000000004,52.56994,52.375240000000005,53.640809999999995,6427787,53.00476999999999,-0.03578
261,2016-08-01,2016-08-04,0,55.9,55.85,55.9,55.6,56.65,4406271,246703652,55.98921446,54.419630000000005,54.37095,54.419630000000005,54.12757,55.14976,4526135,54.50648,0.00903
262,2016-07-29,2016-08-03,0,55.4,55.3,55.4,55.0,56.55,5844926,324141777,55.45695138,53.932869999999994,53.83551,53.932869999999994,53.543459999999996,55.052409999999995,6003925,53.98831,-0.019469999999999998
263,2016-07-28,2016-08-01,0,56.5,56.35,56.5,56.0,56.9,6832280,386158582,56.51972431,55.003730000000004,54.85771,55.003730000000004,54.516980000000004,55.39314,7018138,55.022940000000006,0.00534
264,2016-07-27,2016-07-29,0,56.2,56.0,56.2,55.25,56.35,7785704,435150852,55.89100896,54.71168,54.516980000000004,54.71168,53.786840000000005,54.85771,7997498,54.410869999999996,0.00988
265,2016-07-26,2016-07-28,0,55.65,55.5,55.65,54.65,55.85,5786723,321385778,55.53847627,54.17625,54.03021999999999,54.17625,53.20273,54.37095,5944139,54.06766999999999,0.007240000000000001
266,2016-07-25,2016-07-27,0,55.25,55.15,55.25,54.8,55.85,5373288,296132369,55.11194803,53.786840000000005,53.68949,53.786840000000005,53.34875,54.37095,5519457,53.652440000000006,0.01005
267,2016-07-22,2016-07-26,0,54.7,54.65,54.7,54.1,54.85,9326637,507732216,54.43893828,53.2514,53.20273,53.2514,52.66729,53.39743000000001,9580349,52.99726,-0.00091
268,2016-07-21,2016-07-25,0,54.75,54.8,54.9,53.5,55.25,8390466,459876281,54.80938496,53.30008,53.34875,53.44611,52.08318,53.786840000000005,8618712,53.357890000000005,0.02146
269,2016-07-20,2016-07-22,0,53.6,53.55,53.7,52.35,53.7,6352336,338094319,53.22362026,52.18053,52.131859999999996,52.27789,50.963640000000005,52.27789,6525138,51.81412,0.01611
270,2016-07-19,2016-07-21,0,52.75,52.7,52.8,52.25,53.0,3522684,185529545,52.66709844,51.35304,51.30437,51.401720000000005,50.86629,51.59642,3618511,51.27234,-0.008459999999999999
271,2016-07-18,2016-07-20,0,53.2,53.15,53.2,52.8,53.75,4038006,214927159,53.22606232,51.791129999999995,51.74245,51.791129999999995,51.401720000000005,52.32656,4147852,51.8165,0.01237
272,2016-07-15,2016-07-19,0,52.55,52.4,52.6,51.55,52.8,5498954,287616973,52.30394235,51.15834,51.01231,51.20702,50.18482,51.401720000000005,5648542,50.9188,0.009609999999999999
273,2016-07-14,2016-07-18,0,52.05,52.0,52.1,50.95,52.2,4451103,229964785,51.6646739,50.67158,50.62291,50.720259999999996,49.60071,50.817609999999995,4572186,50.296459999999996,0.01462
274,2016-07-13,2016-07-15,0,51.3,51.3,51.4,51.05,52.15,4753324,244400951,51.41685082,49.94144,49.94144,50.0388,49.69806,50.76894,4882629,50.0552,-0.0038799999999999998
275,2016-07-12,2016-07-14,0,51.5,51.45,51.55,50.3,51.55,9368906,475923796,50.79822511,50.13615,50.08747,50.18482,48.967929999999996,50.18482,9623768,49.45296,0.03
276,2016-07-11,2016-07-13,0,50.0,49.9,50.0,49.7,50.6,4024342,201589526,50.09254333,48.67587,48.578520000000005,48.67587,48.38382,49.25998,4133816,48.76596,0.01523
277,2016-07-08,2016-07-12,0,49.25,49.25,49.3,48.8,49.55,2640998,129845512,49.16532008,47.94573,47.94573,47.994409999999995,47.50765,48.237790000000004,2712841,47.8633,-0.013030000000000002
278,2016-07-07,2016-07-11,0,49.9,49.85,50.0,49.55,50.4,4518558,225967713,50.008811,48.578520000000005,48.52984,48.67587,48.237790000000004,49.06528,4641476,48.68445,0.01629
279,2016-07-06,2016-07-08,0,49.1,49.0,49.15,48.4,49.4,4019164,196308451,48.84310543,47.7997,47.70235,47.84838,47.11825,48.09176,4128497,47.549609999999994,-0.0070799999999999995
280,2016-07-05,2016-07-07,0,49.45,49.5,49.6,49.35,50.3,4607741,229892109,49.89258489,48.140440000000005,48.18911,48.28646,48.043079999999996,48.967929999999996,4733085,48.5713,-0.019819999999999997
281,2016-07-04,2016-07-06,0,50.45,50.3,50.4,48.6,50.95,11656891,583152458,50.02641425,49.11396,48.967929999999996,49.06528,47.31295,49.60071,11973993,48.70159,0.04236
282,2016-06-30,2016-07-05,0,48.4,48.35,48.5,47.85,48.55,8206611,396917852,48.36562279,47.11825,47.06957,47.2156,46.582809999999995,47.26427,8429855,47.08478,0.01574
283,2016-06-29,2016-07-04,0,47.65,47.55,47.7,46.1,47.8,5197579,246386384,47.40406716,46.38811,46.29075,46.43678,44.87915,46.53413,5338969,46.14869,0.03474
284,2016-06-28,2016-06-30,0,46.05,46.05,46.1,44.75,46.15,5884578,268887947,45.6936669,44.83048,44.83048,44.87915,43.56491,44.92783,6044656,44.483579999999996,0.00109
285,2016-06-27,2016-06-29,0,46.0,45.9,46.0,45.7,46.5,8374677,385467283,46.027719399999995,44.7818,44.68445,44.7818,44.48975,45.26856,8602493,44.80879,-0.016040000000000002
286,2016-06-24,2016-06-28,0,46.75,46.7,46.85,45.5,48.3,14418993,668952095,46.39381509,45.51194,45.46326,45.60929,44.29504,47.02089,14811232,45.16519,-0.03209
287,2016-06-23,2016-06-27,0,48.3,48.3,48.35,47.95,48.45,3951052,190358401,48.17916874,47.02089,47.02089,47.06957,46.68016,47.166920000000005,4058532,46.903259999999996,0.0073
288,2016-06-22,2016-06-24,0,47.95,48.0,48.1,47.6,48.45,3608349,172981056,47.93911454,46.68016,46.728840000000005,46.826190000000004,46.33943,47.166920000000005,3706507,46.66956,-0.00725
289,2016-06-21,2016-06-23,0,48.3,48.15,48.25,47.45,48.45,3364709,161690792,48.05491114,47.02089,46.87487,46.97222,46.1934,47.166920000000005,3456239,46.78229,0.0094
290,2016-06-20,2016-06-22,0,47.85,47.75,47.85,47.45,48.0,4733146,226011492,47.75079662,46.582809999999995,46.485459999999996,46.582809999999995,46.1934,46.728840000000005,4861902,46.48623,0.024630000000000003
291,2016-06-17,2016-06-21,0,46.7,46.65,46.8,46.35,47.0,4464986,207868096,46.55515068,45.46326,45.414590000000004,45.56062,45.12253,45.755320000000005,4586447,45.32225,0.00755
292,2016-06-16,2016-06-20,0,46.35,46.25,46.4,45.9,46.7,4328877,200111770,46.22717855,45.12253,45.02518,45.171209999999995,44.68445,45.46326,4446635,45.002959999999995,-0.02112
293,2016-06-15,2016-06-17,0,47.35,47.3,47.4,46.45,47.75,2905755,137157400,47.20198365,46.09605,46.04737,46.144729999999996,45.21989,46.485459999999996,2984800,45.95195,-0.00105
294,2016-06-14,2016-06-16,0,47.4,47.25,47.45,47.2,48.0,2379880,113168084,47.55201271,46.144729999999996,45.9987,46.1934,45.95002,46.728840000000005,2444620,46.29271,-0.0042
295,2016-06-13,2016-06-15,0,47.6,47.55,47.7,47.25,47.95,6356252,302743942,47.62931709,46.33943,46.29075,46.43678,45.9987,46.68016,6529161,46.36797,-0.02658
296,2016-06-10,2016-06-14,0,48.9,48.85,48.95,48.8,49.9,7860785,386311107,49.14408765,47.605,47.556329999999996,47.65368,47.50765,48.578520000000005,8074622,47.84263,-0.01112
297,2016-06-08,2016-06-13,0,49.45,49.4,49.6,49.4,50.4,6321718,313368883,49.57020908,48.140440000000005,48.09176,48.28646,48.09176,49.06528,6493688,48.257459999999995,-0.01885
298,2016-06-07,2016-06-10,0,50.4,50.45,50.6,49.95,51.5,5210290,263793162,50.6292667,49.06528,49.11396,49.25998,48.6272,50.13615,5352025,49.288470000000004,0.00299
299,2016-06-06,2016-06-08,0,50.25,50.1,50.25,49.1,50.5,3425169,171839316,50.16958754,48.91925,48.77322,48.91925,47.7997,49.16263,3518344,48.84097,0.01927
300,2016-06-03,2016-06-07,0,49.3,49.1,49.3,48.85,49.5,5294739,260891163,49.27365881,47.994409999999995,47.7997,47.994409999999995,47.556329999999996,48.18911,5438772,47.96877,0.00818
301,2016-06-02,2016-06-06,0,48.9,48.9,48.95,48.15,49.05,6785524,331023593,48.78379223,47.605,47.605,47.65368,46.87487,47.75103,6970110,47.49187,-0.0020399999999999997
302,2016-06-01,2016-06-03,0,49.0,48.95,49.0,48.55,49.1,4580576,223829561,48.86493773,47.70235,47.65368,47.70235,47.26427,47.7997,4705181,47.57087,0.00719
303,2016-05-31,2016-06-02,0,48.65,48.45,48.6,48.45,49.1,8303032,405703502,48.86209062,47.36162,47.166920000000005,47.31295,47.166920000000005,47.7997,8528899,47.5681,0.0
304,2016-05-30,2016-06-01,0,48.65,48.55,48.65,47.65,49.15,4111437,200254269,48.70663688,47.36162,47.26427,47.36162,46.38811,47.84838,4223280,47.41676,0.009340000000000001
305,2016-05-27,2016-05-31,0,48.2,48.1,48.25,47.6,48.6,5436063,261205770,48.05054136,46.92354,46.826190000000004,46.97222,46.33943,47.31295,5583940,46.778040000000004,0.0020800000000000003
306,2016-05-26,2016-05-30,0,48.1,48.05,48.1,47.15,48.25,4601936,219974704,47.80047006,46.826190000000004,46.77751,46.826190000000004,45.90135,46.97222,4727122,46.53459,0.00839
307,2016-05-25,2016-05-27,0,47.7,47.7,47.8,47.0,48.2,11554702,552786044,47.84078759,46.43678,46.43678,46.53413,45.755320000000005,46.92354,11869024,46.573840000000004,0.030239999999999996
308,2016-05-24,2016-05-26,0,46.3,46.2,46.3,45.7,46.35,5633140,259428347,46.05394984,45.073859999999996,44.97651,45.073859999999996,44.48975,45.12253,5786378,44.83432,0.0232
309,2016-05-23,2016-05-25,0,45.25,45.3,45.35,44.65,45.95,5029429,227754436,45.28435256,44.05166,44.10034,44.14901,43.46755,44.733129999999996,5166244,44.08511,-0.013090000000000001
310,2016-05-20,2016-05-24,0,45.85,45.75,45.85,44.2,46.25,6140295,280522030,45.68543205,44.63577,44.53842,44.63577,43.02947,45.02518,6307329,44.475559999999994,0.0315
311,2016-05-19,2016-05-23,0,44.45,44.35,44.55,44.05,44.95,4019920,178773039,44.47179023,43.27285,43.1755,43.3702,42.88344,43.759609999999995,4129274,43.294059999999995,-0.0055899999999999995
312,2016-05-18,2016-05-20,0,44.7,44.65,44.75,44.5,45.3,5444515,244708494,44.94587562,43.51623,43.46755,43.56491,43.321529999999996,44.10034,5592622,43.755590000000005,-0.01324
313,2016-05-17,2016-05-19,0,46.35,46.3,46.35,45.5,46.4,5902167,270665850,45.85872443,44.10034,44.05277,44.10034,43.2916,44.147909999999996,6203250,43.632909999999995,0.014219999999999998
314,2016-05-16,2016-05-18,0,45.7,45.65,45.7,45.4,45.95,3143529,143571723,45.6721484,43.48189,43.43432,43.48189,43.19645,43.71975,3303888,43.45539,0.0
315,2016-05-13,2016-05-17,0,45.7,45.65,45.7,45.15,46.35,8334078,379949330,45.58984569,43.48189,43.43432,43.48189,42.95858,44.10034,8759219,43.37708,-0.015090000000000001
316,2016-05-12,2016-05-16,0,46.4,46.35,46.45,46.35,46.85,4031345,188050164,46.64700342,44.147909999999996,44.10034,44.19549,44.10034,44.57607,4236993,44.38293,-0.013819999999999999
317,2016-05-11,2016-05-13,0,47.05,47.0,47.05,47.0,48.2,5771260,273328802,47.36033414,44.76636,44.718790000000006,44.76636,44.718790000000006,45.86055,6065665,45.061640000000004,-0.021830000000000002
318,2016-05-10,2016-05-12,0,48.1,48.05,48.1,47.6,48.95,6550266,315108153,48.10616134,45.7654,45.71783,45.7654,45.28967,46.57415,6884410,45.77126,-0.01029
319,2016-05-09,2016-05-11,0,48.6,48.6,48.7,48.25,49.15,3855196,187759111,48.70287036,46.24113,46.24113,46.33628,45.908120000000004,46.76444,4051858,46.339009999999995,0.00206
320,2016-05-06,2016-05-10,0,48.5,48.55,48.6,48.4,49.55,8058381,393337659,48.81100298,46.145990000000005,46.19356,46.24113,46.05084,47.14502,8469458,46.44189,-0.02414
321,2016-05-05,2016-05-09,0,49.7,49.65,49.75,49.45,50.55,5669865,282217456,49.77498688,47.28774,47.24017,47.33532,47.04988,48.09649,5959098,47.35909,-0.00897
322,2016-05-04,2016-05-06,0,50.15,50.15,50.2,49.95,50.7,5666689,284504579,50.20649254,47.7159,47.7159,47.76348,47.52561,48.23921,5955760,47.76965,-0.01085
323,2016-05-03,2016-05-05,0,50.7,50.7,50.75,50.65,53.6,8500399,439100399,51.65644566,48.23921,48.23921,48.28678,48.191629999999996,50.99845,8934024,49.149229999999996,-0.047889999999999995
324,2016-04-29,2016-05-04,0,53.25,53.25,53.35,52.4,53.75,6461671,344695446,53.34462959,50.665440000000004,50.665440000000004,50.76058,49.8567,51.14117,6791296,50.75548,-0.0148
325,2016-04-28,2016-05-03,0,54.05,53.9,54.25,53.6,55.0,10498460,570993644,54.388324,51.42661,51.28389,51.6169,50.99845,52.3305,11034011,51.748509999999996,0.01028
326,2016-04-27,2016-04-29,0,53.5,53.35,53.5,52.45,53.75,6880814,365601523,53.13346982,50.9033,50.76058,50.9033,49.904270000000004,51.14117,7231820,50.554559999999995,0.01039
327,2016-04-26,2016-04-28,0,52.95,52.8,52.95,51.75,53.25,4735667,248858606,52.54985327,50.38,50.23728,50.38,49.238240000000005,50.665440000000004,4977244,49.99927,0.016309999999999998
328,2016-04-25,2016-04-27,0,52.1,52.0,52.1,51.3,52.25,3403785,176545196,51.86731712,49.57125,49.47611,49.57125,48.81008,49.71398,3577420,49.34987,-0.0019199999999999998
329,2016-04-22,2016-04-26,0,52.2,52.05,52.2,51.8,52.35,3515965,182964906,52.03831836,49.6664,49.52368,49.6664,49.28582,49.80912,3695323,49.512570000000004,-0.014159999999999999
330,2016-04-21,2016-04-25,0,52.95,52.75,53.0,51.75,53.0,5624090,296524071,52.72391996,50.38,50.18971,50.42757,49.238240000000005,50.42757,5910988,50.16489,0.0222
331,2016-04-20,2016-04-22,0,51.8,51.8,51.9,51.5,52.15,6085028,315567473,51.85965833,49.28582,49.28582,49.380959999999995,49.00038,49.618829999999996,6395439,49.34258,0.0029
332,2016-04-19,2016-04-21,0,51.65,51.65,51.8,51.2,52.0,4112711,212329209,51.62755394,49.1431,49.1431,49.28582,48.714940000000006,49.47611,4322510,49.12174,0.02075
333,2016-04-18,2016-04-20,0,50.6,50.6,50.75,50.25,51.4,5541223,280249533,50.57539337,48.144059999999996,48.144059999999996,48.28678,47.81105,48.905229999999996,5823894,48.12065,-0.02222
334,2016-04-15,2016-04-19,0,51.75,51.7,51.95,50.65,52.0,4181435,215681642,51.58077119,49.238240000000005,49.190670000000004,49.428540000000005,48.191629999999996,49.47611,4394740,49.07723,0.014709999999999999
335,2016-04-14,2016-04-18,0,51.0,50.9,51.0,50.55,51.3,3344750,170338845,50.92722774,48.52465,48.4295,48.52465,48.09649,48.81008,3515373,48.45541,0.0069099999999999995
336,2016-04-13,2016-04-15,0,50.65,50.65,50.8,49.85,51.0,8628162,435647954,50.49139712,48.191629999999996,48.191629999999996,48.33435,47.43046,48.52465,9068305,48.040729999999996,0.018090000000000002
337,2016-04-12,2016-04-14,0,49.75,49.6,49.8,49.55,50.7,4785641,239205401,49.98398355,47.33532,47.19259,47.38289,47.14502,48.23921,5029768,47.55794,-0.01583
338,2016-04-11,2016-04-13,0,50.55,50.4,50.55,49.65,50.85,3499493,176493814,50.43410974,48.09649,47.95377,48.09649,47.24017,48.38192,3678010,47.98622,0.011000000000000001
339,2016-04-08,2016-04-12,0,50.0,49.95,50.0,48.3,50.05,5838902,287421428,49.22525297,47.57318,47.52561,47.57318,45.955690000000004,47.62075,6136758,46.836040000000004,0.01523
340,2016-04-07,2016-04-11,0,49.25,49.35,49.45,49.15,50.5,11832647,587755788,49.67238421,46.85958,46.95473,47.04988,46.76444,48.04891,12436258,47.26147,-0.01005
341,2016-04-06,2016-04-08,0,49.75,49.7,49.75,48.75,50.0,5523398,272984376,49.42326734,47.33532,47.28774,47.33532,46.38385,47.57318,5805159,47.024440000000006,0.011179999999999999
342,2016-04-05,2016-04-07,0,49.2,49.15,49.2,48.45,49.5,7948099,390425529,49.12187543,46.81201,46.76444,46.81201,46.09841,47.09745,8353550,46.73768,-0.00405
343,2016-04-01,2016-04-06,0,49.4,49.4,49.5,49.3,50.2,5663670,281612152,49.72255658,47.002309999999994,47.002309999999994,47.09745,46.90716,47.76348,5952587,47.3092,-0.011009999999999999
344,2016-03-31,2016-04-05,0,49.95,49.85,49.9,49.85,50.45,5040347,252313793,50.05881401,47.52561,47.43046,47.47804,47.43046,48.00134,5297467,47.62914,-0.006959999999999999
345,2016-03-30,2016-04-01,0,50.3,50.25,50.35,49.95,50.8,8169176,411299199,50.34769712,47.85862,47.81105,47.90619,47.52561,48.33435,8585905,47.903999999999996,0.02132
346,2016-03-29,2016-03-31,0,49.25,49.3,49.4,48.75,49.5,3321296,163124066,49.11458238,46.85958,46.90716,47.002309999999994,46.38385,47.09745,3490723,46.730740000000004,0.00716
347,2016-03-24,2016-03-30,0,48.9,48.8,48.85,48.5,49.5,11549641,566315797,49.0331948,46.52657,46.43142,46.479,46.145990000000005,47.09745,12138815,46.6533,-0.00912
348,2016-03-23,2016-03-29,0,49.35,49.15,49.25,48.65,49.6,7034151,345574726,49.12813586,46.95473,46.76444,46.85958,46.288709999999995,47.19259,7392979,46.743629999999996,-0.00504
349,2016-03-22,2016-03-24,0,49.6,49.6,49.8,47.4,49.85,11751561,574389595,48.87772739,47.19259,47.19259,47.38289,45.09938,47.43046,12351035,46.50538,0.04421
350,2016-03-21,2016-03-23,0,47.5,47.35,47.5,46.9,49.1,11619048,557227436,47.95809743,45.194520000000004,45.0518,45.194520000000004,44.62365,46.71686,12211763,45.630390000000006,0.01496
351,2016-03-18,2016-03-22,0,46.8,46.8,46.9,45.35,47.8,24551549,1139975103,46.43190143,44.5285,44.5285,44.62365,43.14887,45.47996,25803980,44.17827,-0.02398
352,2016-03-17,2016-03-21,0,47.95,47.8,48.0,47.45,48.05,4141094,197912038,47.79221095,45.622679999999995,45.47996,45.67025,45.14695,45.71783,4352341,45.47255,0.01589
353,2016-03-16,2016-03-18,0,47.2,46.95,47.2,46.9,47.55,3715416,175258715,47.17068425,44.909079999999996,44.67122,44.909079999999996,44.62365,45.2421,3904948,44.881190000000004,0.00212
354,2016-03-15,2016-03-17,0,47.1,47.0,47.2,46.4,47.3,5496930,257597600,46.86208484,44.81394,44.718790000000006,44.909079999999996,44.147909999999996,45.00423,5777341,44.58757,-0.01154
355,2016-03-14,2016-03-16,0,47.65,47.55,47.8,45.85,47.85,10855772,511340951,47.10314025,45.33724,45.2421,45.47996,43.62461,45.52753,11409550,44.81693,0.0484
356,2016-03-11,2016-03-15,0,45.45,45.45,45.7,44.2,45.75,3104939,140188786,45.15025448,43.24402,43.24402,43.48189,42.05469,43.52946,3263329,42.95883,0.01225
357,2016-03-10,2016-03-14,0,44.9,44.85,45.0,44.8,45.9,3389985,153260294,45.2097263,42.72072,42.673140000000004,42.81586,42.62557,43.67218,3562916,43.015409999999996,-0.0033299999999999996
358,2016-03-09,2016-03-11,0,45.05,45.05,45.2,44.65,45.7,5434903,244776920,45.037955600000004,42.863440000000004,42.863440000000004,43.006159999999994,42.48285,43.48189,5712150,42.85198,-0.016380000000000002
359,2016-03-08,2016-03-10,0,45.8,45.8,46.0,45.6,46.35,6660562,306249236,45.97948882,43.57703,43.57703,43.76733,43.38674,44.10034,7000333,43.74781,-0.00543
360,2016-03-07,2016-03-09,0,46.05,46.0,46.1,45.6,46.5,10056725,462374224,45.97662002,43.8149,43.76733,43.86247,43.38674,44.24306,10569742,43.74508,0.00987
361,2016-03-04,2016-03-08,0,45.6,45.45,45.65,43.3,45.75,12989724,581249880,44.74689993,43.38674,43.24402,43.43432,41.198370000000004,43.52946,13652360,42.57505,0.05312000000000001
362,2016-03-03,2016-03-07,0,43.3,43.25,43.3,42.7,43.6,7559180,326530679,43.19657410000001,41.198370000000004,41.1508,41.198370000000004,40.6275,41.48381,7944791,41.09997,0.00698
363,2016-03-02,2016-03-04,0,43.0,42.9,43.0,42.15,43.6,14242697,610607709,42.87163513,40.91294,40.81779,40.91294,40.10419,41.48381,14969250,40.7908,0.04623
364,2016-03-01,2016-03-03,0,41.1,41.05,41.15,39.85,41.15,21954658,885714787,40.34290978,39.10515,39.05758,39.15273,37.915820000000004,39.15273,23074616,38.384809999999995,0.03266
365,2016-02-29,2016-03-02,0,39.8,39.7,39.75,39.7,40.45,4481668,179128234,39.96909945,37.86825,37.773109999999996,37.820679999999996,37.773109999999996,38.4867,4710288,38.029140000000005,-0.016069999999999997
366,2016-02-26,2016-03-01,0,40.45,40.45,40.55,39.6,40.8,5531972,222094327,40.14740621,38.4867,38.4867,38.58185,37.67796,38.819720000000004,5814171,38.1988,0.03057
367,2016-02-25,2016-02-29,0,39.25,39.25,39.3,39.15,40.8,3945744,156206471,39.58859749,37.34495,37.34495,37.392520000000005,37.2498,38.819720000000004,4147026,37.66711,-0.037989999999999996
368,2016-02-24,2016-02-26,0,40.8,40.75,40.8,40.15,41.3,3678562,150190557,40.82860558,38.819720000000004,38.77214,38.819720000000004,38.20127,39.29545,3866214,38.84693,-0.0133
369,2016-02-23,2016-02-25,0,41.35,41.35,41.45,41.3,42.0,6930706,288676103,41.65176001,39.34302,39.34302,39.43817,39.29545,39.96147,7284257,39.630140000000004,-0.00839
370,2016-02-22,2016-02-24,0,41.7,41.65,41.7,41.3,42.4,3507273,146280285,41.70769855,39.67603,39.62846,39.67603,39.29545,40.34206,3686187,39.68336,0.00969
371,2016-02-19,2016-02-23,0,41.3,41.3,41.5,40.45,41.5,4455125,182776444,41.02610903,39.29545,39.29545,39.48574,38.4867,39.48574,4682391,39.03485,0.02101
372,2016-02-18,2016-02-22,0,40.45,40.45,40.55,40.35,41.1,4076118,165531149,40.60999927,38.4867,38.4867,38.58185,38.39156,39.10515,4284050,38.638940000000005,0.00372
373,2016-02-17,2016-02-19,0,40.3,40.3,40.35,40.05,41.45,2667365,108344535,40.61856364,38.34398,38.34398,38.39156,38.106120000000004,39.43817,2803433,38.647090000000006,-0.00983
374,2016-02-16,2016-02-18,0,40.7,40.65,40.7,39.3,40.9,6592509,265596544,40.28762706,38.72457,38.677,38.72457,37.392520000000005,38.91486,6928808,38.332209999999996,0.01496
375,2016-02-15,2016-02-17,0,40.1,40.0,40.2,39.4,40.2,5516159,220342114,39.94484459,38.153690000000005,38.05855,38.24884,37.48767,38.24884,5797551,38.00607,0.028210000000000002
376,2016-02-12,2016-02-16,0,39.0,39.0,39.05,38.85,40.0,6239600,245018493,39.26830133,37.107079999999996,37.107079999999996,37.15465,36.96436,38.05855,6557896,37.362359999999995,-0.00889
377,2016-02-11,2016-02-15,0,39.35,39.3,39.4,38.35,39.65,6179917,242197040,39.1909859,37.440090000000005,37.392520000000005,37.48767,36.48863,37.72553,6495169,37.2888,-0.02114
378,2016-02-05,2016-02-12,0,40.2,40.05,40.15,39.7,40.8,4202385,168681426,40.13945081,38.24884,38.106120000000004,38.20127,37.773109999999996,38.819720000000004,4416758,38.19123,0.01005
379,2016-02-04,2016-02-11,0,39.8,39.7,39.9,39.7,40.85,6844487,275273842,40.21833075,37.86825,37.773109999999996,37.9634,37.773109999999996,38.867290000000004,7193640,38.26628,-0.00125
380,2016-02-03,2016-02-05,0,39.85,39.8,39.95,39.4,40.8,7127200,283484542,39.77502273,37.915820000000004,37.86825,38.01097,37.48767,38.819720000000004,7490775,37.84449,-0.030410000000000003
381,2016-02-02,2016-02-04,0,41.1,41.05,41.2,40.1,41.3,6026010,246720410,40.94258224,39.10515,39.05758,39.2003,38.153690000000005,39.29545,6333411,38.95538,-0.00364
382,2016-02-01,2016-02-03,0,41.25,41.05,41.2,40.4,41.85,10326512,423523999,41.0132675,39.24788,39.05758,39.2003,38.43913,39.81875,10853291,39.02263,-0.0096
383,2016-01-29,2016-02-02,0,41.65,41.55,41.65,39.05,41.75,9933776,403913685,40.66063952,39.62846,39.53331,39.62846,37.15465,39.72361,10440521,38.68712,0.06115
384,2016-01-28,2016-02-01,0,39.25,39.25,39.35,38.2,39.7,7651561,298554040,39.01871004,37.34495,37.34495,37.440090000000005,36.345909999999996,37.773109999999996,8041885,37.12488,0.00255
385,2016-01-27,2016-01-29,0,39.15,39.2,39.35,38.85,39.6,8544504,334340901,39.12935157,37.2498,37.29738,37.440090000000005,36.96436,37.67796,8980379,37.23016,0.00772
386,2016-01-26,2016-01-28,0,38.85,38.9,38.95,38.55,39.3,7510929,291959710,38.87131805,36.96436,37.01194,37.059509999999996,36.67892,37.392520000000005,7894079,36.98465,-0.02875
387,2016-01-25,2016-01-27,0,40.0,39.85,40.0,39.25,40.6,8090347,321711686,39.76488104,38.05855,37.915820000000004,38.05855,37.34495,38.62942,8503054,37.83484,0.00125
388,2016-01-22,2016-01-26,0,39.95,39.85,39.9,39.85,40.5,10249941,411017065,40.09945667,38.01097,37.915820000000004,37.9634,37.915820000000004,38.534279999999995,10772814,38.15317,0.01139
389,2016-01-21,2016-01-25,0,39.5,39.55,39.7,39.4,43.0,14764726,602780603,40.82572227,37.582809999999995,37.630390000000006,37.773109999999996,37.48767,40.91294,15517909,38.844190000000005,-0.04819
390,2016-01-20,2016-01-22,0,41.5,41.5,41.6,41.45,43.4,12560815,528265056,42.05659075,39.48574,39.48574,39.580890000000004,39.43817,41.29352,13201571,40.01532,-0.07055
391,2016-01-19,2016-01-21,0,44.65,44.55,44.65,43.6,44.75,5755107,255500421,44.39542497,42.48285,42.3877,42.48285,41.48381,42.578,6048688,42.240629999999996,0.00112
392,2016-01-18,2016-01-20,0,44.6,44.6,44.65,44.0,45.3,5253959,234259338,44.58720329,42.43528,42.43528,42.48285,41.8644,43.1013,5521976,42.4231,-0.006679999999999999
393,2016-01-15,2016-01-19,0,44.9,44.9,44.95,44.85,46.1,5834649,264459782,45.32573973,42.72072,42.72072,42.76829,42.673140000000004,43.86247,6132288,43.12579,-0.029189999999999997
394,2016-01-14,2016-01-18,0,46.25,46.15,46.3,45.2,46.8,5076365,234468061,46.18818012,44.00519,43.91005,44.05277,43.006159999999994,44.5285,5335322,43.94637,-0.020130000000000002
395,2016-01-13,2016-01-15,0,47.2,47.25,47.3,46.45,47.75,6811331,321098037,47.14174616,44.909079999999996,44.95666,45.00423,44.19549,45.432390000000005,7158793,44.85366,0.017240000000000002
396,2016-01-12,2016-01-14,0,46.4,46.3,46.4,45.95,46.9,3881245,180107188,46.40448825,44.147909999999996,44.05277,44.147909999999996,43.71975,44.62365,4079236,44.15218,-0.00215
397,2016-01-11,2016-01-13,0,46.5,46.5,46.55,46.4,47.2,7432132,347822449,46.79982124,44.24306,44.24306,44.29063,44.147909999999996,44.909079999999996,7811262,44.52833,-0.03627
398,2016-01-08,2016-01-12,0,48.25,48.25,48.35,47.45,48.8,6838369,328745685,48.07369784,45.908120000000004,45.908120000000004,46.00327,45.14695,46.43142,7187210,45.74038,0.014719999999999999
399,2016-01-07,2016-01-11,0,47.55,47.3,47.7,45.6,47.7,7432277,348126335,46.83979553,45.2421,45.00423,45.38482,43.38674,45.38482,7811415,44.566359999999996,0.00316
400,2016-01-06,2016-01-08,0,47.4,47.3,47.55,47.3,49.3,6021945,288170524,47.85339687,45.09938,45.00423,45.2421,45.00423,46.90716,6329138,45.530770000000004,-0.028689999999999997
401,2016-01-05,2016-01-07,0,48.8,48.7,48.8,48.6,49.45,3157617,154666700,48.98209631,46.43142,46.33628,46.43142,46.24113,47.04988,3318694,46.60468,-0.00914
402,2016-01-04,2016-01-06,0,49.25,49.15,49.35,49.0,50.35,5016031,246838306,49.20988447,46.85958,46.76444,46.95473,46.62172,47.90619,5271910,46.82142,-0.02282
403,2015-12-31,2016-01-05,0,50.4,50.6,50.75,50.25,51.0,1810017,91348753,50.46845029999999,47.95377,48.144059999999996,48.28678,47.81105,48.52465,1902350,48.0189,-0.01176
404,2015-12-30,2016-01-05,0,51.0,50.95,51.05,50.85,51.8,2239389,114589908,51.17016651,48.52465,48.47707,48.57222,48.38192,49.28582,2353625,48.68655,0.0
405,2015-12-29,2016-01-04,0,51.0,50.95,51.05,50.15,51.1,2520597,127626112,50.63328727,48.52465,48.47707,48.57222,47.7159,48.61979,2649178,48.17573,0.01594
406,2015-12-28,2015-12-30,0,50.2,50.15,50.2,50.05,50.85,2274512,114360546,50.27915702,47.76348,47.7159,47.76348,47.62075,48.38192,2390540,47.83879,-0.01761
407,2015-12-24,2015-12-29,0,51.1,51.05,51.2,51.0,51.5,1230038,62951275,51.17831726,48.61979,48.57222,48.714940000000006,48.52465,49.00038,1292785,48.694309999999994,-0.00098
408,2015-12-23,2015-12-29,0,51.15,51.0,51.15,50.45,51.3,3158451,161119748,51.01226772,48.66737,48.52465,48.66737,48.00134,48.81008,3319571,48.53632,0.00788
409,2015-12-22,2015-12-28,0,50.75,50.75,50.8,50.2,50.9,2248158,113515300,50.49258104,48.28678,48.28678,48.33435,47.76348,48.4295,2362842,48.04185,0.007940000000000001
410,2015-12-21,2015-12-23,0,50.35,50.3,50.5,50.25,50.6,2751197,138735218,50.42722059,47.90619,47.85862,48.04891,47.81105,48.144059999999996,2891542,47.97967,-0.01081
411,2015-12-18,2015-12-22,0,50.9,50.9,50.95,50.5,51.05,5824496,295963265,50.81354078,48.4295,48.4295,48.47707,48.04891,48.57222,6121617,48.34724,-0.009729999999999999
412,2015-12-17,2015-12-21,0,51.4,51.2,51.45,51.05,51.7,4454641,229072627,51.42336431,48.905229999999996,48.714940000000006,48.9528,48.57222,49.190670000000004,4681883,48.927459999999996,0.0009699999999999999
413,2015-12-16,2015-12-18,0,51.35,51.25,51.35,50.5,51.5,3811737,194660395,51.0686847,48.857659999999996,48.76251,48.857659999999996,48.04891,49.00038,4006183,48.59,0.01885
414,2015-12-15,2015-12-17,0,50.4,50.4,50.55,50.25,51.0,5046945,255312509,50.58753543,47.95377,47.95377,48.09649,47.81105,48.52465,5304401,48.1322,-0.01176
415,2015-12-14,2015-12-16,0,51.0,50.9,51.05,50.1,51.1,4657605,236433955,50.76298978,48.52465,48.4295,48.57222,47.66833,48.61979,4895200,48.29914,-0.00293
416,2015-12-11,2015-12-15,0,51.15,51.05,51.2,50.9,52.2,4742307,244227523,51.49972851,48.66737,48.57222,48.714940000000006,48.4295,49.6664,4984223,49.00012,-0.00872
417,2015-12-10,2015-12-14,0,51.6,51.55,51.7,51.1,52.15,2721513,140976663,51.800841299999995,49.09552,49.04795,49.190670000000004,48.61979,49.618829999999996,2860344,49.28662,0.0009699999999999999
418,2015-12-09,2015-12-11,0,51.55,51.55,51.6,50.65,51.85,2995552,153575151,51.26772995,49.04795,49.04795,49.09552,48.191629999999996,49.33339,3148362,48.779379999999996,0.0
419,2015-12-08,2015-12-10,0,51.55,51.5,51.6,50.85,52.0,4088350,209382219,51.21435763,49.04795,49.00038,49.09552,48.38192,49.47611,4296906,48.7286,-0.009609999999999999
420,2015-12-07,2015-12-09,0,52.05,52.05,52.1,51.95,52.75,3510571,183733558,52.3372289,49.52368,49.52368,49.57125,49.428540000000005,50.18971,3689653,49.79697,-0.00573
421,2015-12-04,2015-12-08,0,52.35,52.1,52.4,51.75,52.5,4136950,215498037,52.09104219,49.80912,49.57125,49.8567,49.238240000000005,49.951840000000004,4347985,49.56273,-0.0104
422,2015-12-03,2015-12-07,0,52.9,52.7,52.9,52.35,53.2,2846810,150621109,52.90873258,50.33243,50.14213,50.33243,49.80912,50.61787,2992032,50.340740000000004,-0.0037700000000000003
423,2015-12-02,2015-12-04,0,53.1,53.0,53.25,52.2,53.5,7582651,402273477,53.05182541,50.52272,50.42757,50.665440000000004,49.6664,50.9033,7969460,50.47688,0.0251
424,2015-12-01,2015-12-03,0,51.8,51.65,51.9,50.7,52.1,6449396,330013790,51.16972039,49.28582,49.1431,49.380959999999995,48.23921,49.57125,6778395,48.68613,0.024730000000000002
425,2015-11-30,2015-12-02,0,50.55,50.4,50.95,50.4,51.45,6301662,320084803,50.79371172,48.09649,47.95377,48.47707,47.95377,48.9528,6623124,48.32837,-0.00492
426,2015-11-27,2015-12-01,0,50.8,50.85,50.95,50.8,52.15,4820311,246570424,51.15238913,48.33435,48.38192,48.47707,48.33435,49.618829999999996,5066206,48.66964,-0.02025
427,2015-11-26,2015-11-30,0,51.85,51.75,51.95,51.65,53.3,5337870,279772433,52.41274759,49.33339,49.238240000000005,49.428540000000005,49.1431,50.71301,5610167,49.86882,0.00193
428,2015-11-25,2015-11-27,0,51.75,51.65,51.8,51.4,52.2,4190130,216841533,51.75055022,49.238240000000005,49.1431,49.28582,48.905229999999996,49.6664,4403878,49.23877,-0.01146
429,2015-11-24,2015-11-26,0,52.35,52.35,52.5,52.15,52.85,1877461,98482947,52.45538895,49.80912,49.80912,49.951840000000004,49.618829999999996,50.28485,1973235,49.9094,-0.01505
430,2015-11-23,2015-11-25,0,53.15,53.05,53.15,52.5,53.35,3064671,162025126,52.86868509,50.57029,50.47515,50.57029,49.951840000000004,50.76058,3221007,50.30263,-0.00747
431,2015-11-20,2015-11-24,0,53.55,53.55,53.65,52.15,53.7,3615475,190921880,52.80685940000001,50.95088,50.95088,51.04603,49.618829999999996,51.0936,3799909,50.243809999999996,0.00943
432,2015-11-19,2015-11-23,0,53.05,52.9,53.05,52.75,53.4,3436327,182160323,53.01018297,50.47515,50.33243,50.47515,50.18971,50.80816,3611622,50.437259999999995,0.0124
433,2015-11-18,2015-11-20,0,52.4,52.35,52.4,52.2,52.8,2264794,119039076,52.56066379999999,49.8567,49.80912,49.8567,49.6664,50.23728,2380326,50.00956,-0.00095
434,2015-11-17,2015-11-19,0,52.45,52.5,52.75,52.3,53.8,3384288,178650506,52.78821011,49.904270000000004,49.951840000000004,50.18971,49.76155,51.18874,3556928,50.22606,0.007679999999999999
435,2015-11-16,2015-11-18,0,52.05,52.15,52.2,51.7,52.6,4797399,249575352,52.02305499,49.52368,49.618829999999996,49.6664,49.190670000000004,50.04699,5042125,49.49805,-0.02345
436,2015-11-13,2015-11-17,0,53.3,53.15,53.4,52.5,53.45,4184268,221954368,53.04496939,50.71301,50.57029,50.80816,49.951840000000004,50.85573,4397717,50.47036,-0.009290000000000001
437,2015-11-12,2015-11-16,0,53.8,53.85,53.9,51.05,53.95,6573640,348757128,53.05388308,51.18874,51.23632,51.28389,48.57222,51.33146,6908977,50.478840000000005,0.04365
438,2015-11-11,2015-11-13,0,51.55,51.5,51.6,50.8,51.75,2776996,142748352,51.40387383,49.04795,49.00038,49.09552,48.33435,49.238240000000005,2918657,48.90892,0.02079
439,2015-11-10,2015-11-12,0,50.5,50.45,50.5,50.4,51.1,7225813,366816351,50.76471686,48.04891,48.00134,48.04891,47.95377,48.61979,7594418,48.300779999999996,-0.015590000000000001
440,2015-11-09,2015-11-11,0,51.3,51.15,51.35,51.1,52.75,5007366,259246921,51.77311205,48.81008,48.66737,48.857659999999996,48.61979,50.18971,5262803,49.26023,-0.02841
441,2015-11-06,2015-11-10,0,52.8,52.7,52.9,52.7,53.1,2711406,143321234,52.85864013,50.23728,50.14213,50.33243,50.14213,50.52272,2849721,50.29307,-0.01584
442,2015-11-05,2015-11-09,0,53.65,53.4,53.55,53.15,54.4,4621148,248652697,53.80755972,51.04603,50.80816,50.95088,50.57029,51.75962,4856883,51.19594,-0.0192
443,2015-11-04,2015-11-06,0,54.7,54.5,54.7,52.6,55.45,6665916,363173964,54.48222929999999,52.04506,51.85477,52.04506,50.04699,52.75866,7005960,51.83786,0.03992
444,2015-11-03,2015-11-05,0,52.6,52.6,52.75,52.55,53.5,4833320,256466036,53.06208486,50.04699,50.04699,50.18971,49.99941,50.9033,5079879,50.48664,0.00095
445,2015-11-02,2015-11-04,0,52.55,52.5,52.65,52.35,53.8,4600870,243292217,52.87961125,49.99941,49.951840000000004,50.094559999999994,49.80912,51.18874,4835571,50.31303,-0.03578
446,2015-10-30,2015-11-03,0,54.5,54.4,54.6,54.3,55.2,6340451,347530519,54.81164021,51.85477,51.75962,51.949909999999996,51.66447,52.520790000000005,6663892,52.15128,-0.00909
447,2015-10-29,2015-11-02,0,55.0,55.05,55.2,54.85,56.6,6579527,364382662,55.38128531,52.3305,52.37807,52.520790000000005,52.18778,53.85284,6915164,52.69328,-0.01873
448,2015-10-28,2015-10-30,0,56.05,55.95,56.1,56.0,56.5,3296205,185202656,56.1866316,53.32954,53.234390000000005,53.377109999999995,53.28196,53.7577,3464352,53.459540000000004,-0.01059
449,2015-10-27,2015-10-29,0,56.65,56.6,56.7,56.5,57.55,3889712,220504018,56.68903456,53.90042,53.85284,53.947990000000004,53.7577,54.756730000000005,4088135,53.93756,-0.01905
450,2015-10-26,2015-10-28,0,57.75,57.55,57.75,57.4,58.4,5332318,309018493,57.95200005,54.947030000000005,54.756730000000005,54.947030000000005,54.61401,55.56548000000001,5604332,55.139219999999995,-0.0043100000000000005
451,2015-10-23,2015-10-27,0,58.0,58.0,58.05,56.7,58.05,5937508,341318531,57.48514882,55.18489,55.18489,55.232459999999996,53.947990000000004,55.232459999999996,6240394,54.69503,0.01754
452,2015-10-22,2015-10-26,0,57.0,56.95,57.15,56.0,57.25,3873618,219267956,56.60546703,54.233430000000006,54.18585,54.37615,53.28196,54.47129,4071220,53.85804,0.0
453,2015-10-20,2015-10-23,0,57.0,56.9,57.05,56.7,57.95,3091958,176592015,57.11332916,54.233430000000006,54.13828,54.281000000000006,53.947990000000004,55.137319999999995,3249686,54.34126,-0.01213
454,2015-10-19,2015-10-22,0,57.7,57.6,57.8,56.8,57.85,3503511,201156979,57.41582629999999,54.89945,54.8043,54.9946,54.043130000000005,55.04217,3682233,54.62907,0.007859999999999999
455,2015-10-16,2015-10-20,0,57.25,57.2,57.25,56.5,57.3,4503996,256417376,56.93108431,54.47129,54.423719999999996,54.47129,53.7577,54.51886999999999,4733755,54.16786,0.00881
456,2015-10-15,2015-10-19,0,56.75,56.7,56.75,55.35,56.9,6005991,338405504,56.34465719,53.99556,53.947990000000004,53.99556,52.663509999999995,54.13828,6312371,53.60989,0.0216
457,2015-10-14,2015-10-16,0,55.55,55.55,55.6,55.35,56.0,4571742,254013593,55.56166402,52.8538,52.8538,52.90138,52.663509999999995,53.28196,4804957,52.8649,-0.005370000000000001
458,2015-10-13,2015-10-15,0,55.85,55.9,56.0,55.75,56.4,4990935,279263495,55.95414386,53.13924,53.18682,53.28196,53.0441,53.66255,5245534,53.238330000000005,-0.007109999999999999
459,2015-10-12,2015-10-14,0,56.25,56.2,56.25,56.0,57.4,8093852,457040208,56.46757662,53.519830000000006,53.47226,53.519830000000006,53.28196,54.61401,8506738,53.72685,-0.01832
460,2015-10-09,2015-10-13,0,57.3,57.25,57.3,57.2,58.35,5893619,339742986,57.64590246,54.51886999999999,54.47129,54.51886999999999,54.423719999999996,55.5179,6194266,54.84798000000001,-0.01967
461,2015-10-08,2015-10-12,0,58.45,58.3,58.4,58.05,59.0,4673145,273129823,58.44668269,55.61305,55.470330000000004,55.56548000000001,55.232459999999996,56.13635,4911533,55.60989,-0.01433
462,2015-10-07,2015-10-09,0,59.3,59.45,59.5,56.8,59.5,7000681,407158339,58.15981888,56.42179,56.56451,56.61209,54.043130000000005,56.61209,7357802,55.33695,0.030410000000000003
463,2015-10-06,2015-10-08,0,57.55,57.55,57.65,56.9,58.75,4380203,253064399,57.77458237,54.756730000000005,54.756730000000005,54.85188,54.13828,55.89849,4603647,54.97041,-0.0077599999999999995
464,2015-10-05,2015-10-07,0,58.0,57.9,58.0,57.5,59.0,4651858,269134925,57.85536123,55.18489,55.08975,55.18489,54.70916,56.13635,4889160,55.04727,0.01933
465,2015-10-02,2015-10-06,0,56.9,56.85,56.9,55.85,57.55,12733976,722071883,56.70435401,54.13828,54.090709999999994,54.13828,53.13924,54.756730000000005,13383566,53.952130000000004,0.00976
466,2015-09-30,2015-10-05,0,56.35,56.3,56.35,56.1,57.0,6068394,342880271,56.50263826,53.61496999999999,53.5674,53.61496999999999,53.377109999999995,54.233430000000006,6377957,53.76021,0.01807
467,2015-09-29,2015-10-02,0,55.35,55.3,55.35,54.35,55.5,10004163,549985851,54.97569872,52.663509999999995,52.61594,52.663509999999995,51.71205,52.806230000000006,10514499,52.30738,-0.023809999999999998
468,2015-09-25,2015-09-30,0,56.7,56.65,56.7,56.0,57.3,9967934,565457584,56.72766132,53.947990000000004,53.90042,53.947990000000004,53.28196,54.51886999999999,10476421,53.974309999999996,0.0098
469,2015-09-24,2015-09-29,0,56.15,56.1,56.15,56.0,57.3,10510267,593425820,56.46153613,53.42468,53.377109999999995,53.42468,53.28196,54.51886999999999,11046420,53.7211,-0.019209999999999998
470,2015-09-23,2015-09-25,0,57.25,57.15,57.25,56.2,58.6,14849665,849840613,57.22961515,54.47129,54.37615,54.47129,53.47226,55.75577,15607181,54.4519,-0.028839999999999998
471,2015-09-22,2015-09-24,0,58.95,58.8,59.0,58.3,60.35,18654236,1102733565,59.11437836,56.08878000000001,55.946059999999996,56.13635,55.470330000000004,57.42083,19605832,56.245180000000005,-0.021580000000000002
472,2015-09-21,2015-09-23,0,60.6,60.55,60.6,60.1,61.85,30348252,1865899622,61.48293556,57.325680000000006,57.27839,57.325680000000006,56.8527,58.508140000000004,32081677,58.16091,-0.02962
473,2015-09-18,2015-09-22,0,62.45,64.5,64.6,60.45,65.85,77622470,4796843610,61.79710089,59.07573000000001,61.014959999999995,61.109559999999995,57.18379,62.292019999999994,82056093,58.4581,0.046939999999999996
474,2015-09-17,2015-09-21,0,59.65,59.55,59.7,58.35,59.95,17790149,1056909240,59.40980258,56.42702,56.33241999999999,56.474309999999996,55.19725,56.710809999999995,18806283,56.1998,0.010159999999999999
475,2015-09-16,2015-09-18,0,59.05,59.0,59.1,57.35,59.25,12332432,717698095,58.19599046,55.85943,55.81213,55.90673,54.251290000000004,56.04863,13036833,55.05157,0.03687
476,2015-09-15,2015-09-17,0,56.95,56.9,56.95,56.6,59.3,13840470,794783213,57.42458262,53.8729,53.8256,53.8729,53.54181,56.09591999999999,14631007,54.32184,-0.03963
477,2015-09-14,2015-09-16,0,59.3,59.1,59.2,57.85,59.85,10271449,605341111,58.93434422,56.09591999999999,55.90673,56.00133,54.72427,56.616209999999995,10858131,55.75003,0.013680000000000001
478,2015-09-11,2015-09-15,0,58.5,58.35,58.55,57.1,58.75,12038326,702810756,58.38110349,55.33915,55.19725,55.38645,54.014790000000005,55.57564,12725928,55.22668,0.029930000000000002
479,2015-09-10,2015-09-14,0,56.8,56.65,56.8,55.4,57.05,15567434,878487155,56.43108267,53.731,53.58911,53.731,52.40665,53.9675,16456611,53.38202,0.0053100000000000005
480,2015-09-09,2015-09-11,0,56.5,56.5,56.55,55.2,56.55,11833651,660812697,55.84182743,53.44721,53.44721,53.49451,52.217459999999996,53.49451,12509563,52.8246,0.02727
481,2015-09-08,2015-09-10,0,55.0,54.85,55.0,54.25,55.6,14037257,768157548,54.72276728,52.028259999999996,51.886359999999996,52.028259999999996,51.31878,52.59584,14839034,51.766009999999994,0.01852
482,2015-09-07,2015-09-09,0,54.0,54.0,54.05,53.75,54.9,10421003,564452944,54.16493441,51.08229,51.08229,51.12959,50.8458,51.93367,11016228,51.23832,0.00093
483,2015-09-04,2015-09-08,0,53.95,53.75,54.0,53.7,54.65,11101747,601039772,54.13920638,51.035,50.8458,51.08229,50.7985,51.69717,11735854,51.21398,0.01697
484,2015-09-02,2015-09-07,0,53.05,52.9,53.05,52.5,54.25,8253223,439282969,53.22562701,50.18362,50.04173,50.18362,49.663340000000005,51.31878,8724629,50.349759999999996,-0.0121
485,2015-09-01,2015-09-04,0,53.7,53.7,53.8,53.35,54.5,9732722,525574983,54.00082146,50.7985,50.7985,50.8931,50.46741,51.555279999999996,10288633,51.08307,-0.01105
486,2015-08-31,2015-09-02,0,54.3,54.15,54.35,52.75,54.65,10901327,585634883,53.721430700000006,51.36608,51.22419,51.41338,49.89983,51.69717,11523987,50.81878,0.03232
487,2015-08-28,2015-09-01,0,52.6,52.6,52.85,52.6,54.0,12728337,675445132,53.06625147,49.757940000000005,49.757940000000005,49.99443,49.757940000000005,51.08229,13455351,50.199,-0.00473
488,2015-08-27,2015-08-31,0,52.85,52.85,52.95,51.25,53.0,14967107,777287177,51.93302734,49.99443,49.99443,50.08903,48.48088,50.13632,15821995,49.126999999999995,0.0507
489,2015-08-26,2015-08-28,0,50.3,50.2,50.25,50.1,51.8,16957577,859285427,50.67265371,47.582209999999996,47.48761,47.534909999999996,47.39301,49.00116,17926156,47.93473,-0.0364
490,2015-08-25,2015-08-27,0,52.2,52.1,52.2,50.8,53.7,21461390,1114901152,51.94915856,49.37955,49.28495,49.37955,48.05519,50.7985,22687217,49.14226,0.02655
491,2015-08-24,2015-08-26,0,50.85,50.75,50.8,50.7,53.0,14708128,761368486,51.7651523,48.10249,48.0079,48.05519,47.9606,50.13632,15548224,48.9682,-0.06783
492,2015-08-21,2015-08-25,0,54.55,54.55,54.75,53.3,55.5,17851508,969722268,54.32158829,51.60257,51.60257,51.79177,50.42011,52.50125,18871147,51.386509999999994,-0.03622
493,2015-08-20,2015-08-24,0,56.6,56.55,56.65,56.15,57.25,7464344,423139565,56.68811151,53.54181,53.49451,53.58911,53.116130000000005,54.156690000000005,7890691,53.62516,-0.01222
494,2015-08-19,2015-08-21,0,57.3,57.25,57.5,57.0,58.95,8568478,493581928,57.60438762,54.203990000000005,54.156690000000005,54.39318000000001,53.9202,55.76484,9057890,54.49193,-0.022180000000000002
495,2015-08-18,2015-08-20,0,58.6,58.6,58.8,58.5,59.8,4960051,292061705,58.88280282,55.43375,55.43375,55.62294,55.33915,56.568909999999995,5243358,55.701269999999994,-0.015130000000000001
496,2015-08-17,2015-08-19,0,59.5,59.5,59.55,59.0,59.8,3817354,227065158,59.48234248,56.28511999999999,56.28511999999999,56.33241999999999,55.81213,56.568909999999995,4035393,56.26841999999999,0.00253
497,2015-08-14,2015-08-18,0,59.35,59.3,59.45,59.0,59.95,5592989,332667168,59.47931741,56.14321999999999,56.09591999999999,56.23781999999999,55.81213,56.710809999999995,5912448,56.26555,-0.00503
498,2015-08-13,2015-08-17,0,59.65,59.55,59.6,59.4,60.15,6641024,396509926,59.70614261,56.42702,56.33241999999999,56.379709999999996,56.19051999999999,56.9,7020345,56.48011999999999,-0.00831
499,2015-08-12,2015-08-14,0,60.15,60.0,60.1,59.9,60.6,8824387,530669605,60.13671035,56.9,56.7581,56.8527,56.663509999999995,57.325680000000006,9328416,56.88743,-0.013130000000000001
500,2015-08-11,2015-08-13,0,60.95,60.85,60.95,60.85,62.35,8106126,499047386,61.56422760000001,57.656769999999995,57.562169999999995,57.656769999999995,57.562169999999995,58.98113000000001,8569130,58.237809999999996,-0.017730000000000003
501,2015-08-10,2015-08-12,0,62.05,61.95,62.05,60.35,62.1,11370064,694562860,61.08697893,58.697340000000004,58.602740000000004,58.697340000000004,57.08919,58.744640000000004,12019497,57.78635,-0.0040100000000000005
502,2015-08-07,2015-08-11,0,62.3,62.3,62.45,62.2,63.5,6924899,435187049,62.84381173,58.93383000000001,58.93383000000001,59.07573000000001,58.83923000000001,60.06899,7320434,59.44826,-0.01346
503,2015-08-06,2015-08-10,0,63.15,63.2,63.35,62.15,63.4,4779272,300850211,62.94896189,59.7379,59.7852,59.9271,58.791940000000004,59.9744,5052253,59.54773,0.00079
504,2015-08-05,2015-08-07,0,63.1,63.2,63.35,63.0,63.6,4107244,259718485,63.23424783,59.6906,59.7852,59.9271,59.59601,60.16359,4341841,59.8176,-0.01097
505,2015-08-04,2015-08-06,0,63.8,63.9,63.95,63.0,64.75,3754604,240165391,63.965571600000004,60.35278,60.44738,60.49468,59.59601,61.25145,3969059,60.509409999999995,-0.00778
506,2015-08-03,2015-08-05,0,64.3,64.3,64.4,63.6,64.85,9768430,629060464,64.39729455,60.82577,60.82577,60.92037,60.16359,61.34605,10326381,60.9178,-0.00464
507,2015-07-31,2015-08-04,0,64.6,64.25,64.6,64.0,64.9,4363212,280895569,64.37816201,61.109559999999995,60.77847,61.109559999999995,60.54198,61.39335,4612429,60.89971,0.00155
508,2015-07-30,2015-08-03,0,64.5,64.4,64.55,64.2,64.95,6138849,396323157,64.55984778,61.014959999999995,60.92037,61.062259999999995,60.73117,61.44064,6489486,61.071569999999994,-0.00309
509,2015-07-29,2015-07-31,0,64.7,64.7,64.75,63.8,65.0,8025722,518487434,64.60321377,61.20415,61.20415,61.25145,60.35278,61.48795,8484133,61.1126,0.00466
510,2015-07-28,2015-07-30,0,64.4,64.45,64.55,62.95,64.8,6947282,445716871,64.15701435,60.92037,60.967659999999995,61.062259999999995,59.54871,61.29875,7344095,60.690509999999996,0.013380000000000001
511,2015-07-27,2015-07-29,0,63.55,63.5,63.65,63.0,64.1,9883958,630332239,63.77326158,60.11629,60.06899,60.21089,59.59601,60.63656999999999,10448508,60.327490000000004,-0.00703
512,2015-07-24,2015-07-28,0,64.0,63.9,63.95,63.9,65.05,8420031,542174971,64.39108965,60.54198,60.44738,60.49468,60.44738,61.53525,8900964,60.91194,-0.01311
513,2015-07-23,2015-07-27,0,64.85,64.85,65.1,64.7,66.15,6508918,423970004,65.13678679,61.34605,61.34605,61.58254,61.20415,62.57581,6880693,61.617340000000006,-0.01143
514,2015-07-22,2015-07-24,0,65.6,65.5,65.9,65.2,66.5,7299283,480938884,65.88851042,62.055519999999994,61.960930000000005,62.339319999999994,61.67714,62.9069,7716202,62.32845,0.0
515,2015-07-21,2015-07-23,0,65.6,65.6,65.7,65.35,67.05,5463148,361701635,66.20754829,62.055519999999994,62.055519999999994,62.150119999999994,61.819030000000005,63.42718000000001,5775191,62.63025,-0.0187
516,2015-07-20,2015-07-22,0,66.85,66.75,66.8,66.2,67.75,3616482,241880373,66.88278084,63.23799,63.143390000000004,63.190690000000004,62.6231,64.08936,3823047,63.269,-0.00742
517,2015-07-17,2015-07-21,0,67.35,67.35,67.45,66.1,67.5,15601224,1047114829,67.11747931,63.710969999999996,63.710969999999996,63.80556,62.52851,63.852869999999996,16492331,63.491009999999996,0.00975
518,2015-07-16,2015-07-20,0,66.7,66.5,66.8,65.4,66.8,6768144,448013527,66.19444371,63.096090000000004,62.9069,63.190690000000004,61.866330000000005,63.190690000000004,7154725,62.61785,0.00528
519,2015-07-15,2015-07-17,0,66.35,66.0,66.35,65.2,66.5,10932862,718865235,65.75270364,62.765,62.43391,62.765,61.67714,62.9069,11557323,62.199980000000004,0.0192
520,2015-07-14,2015-07-16,0,65.1,64.85,65.0,63.1,65.3,12609342,815517199,64.67563486,61.58254,61.34605,61.48795,59.6906,61.77174,13329560,61.18111,0.032510000000000004
521,2015-07-13,2015-07-15,0,63.05,63.05,63.1,60.25,63.1,7707997,478840296,62.12253274,59.64331,59.64331,59.6906,56.9946,59.6906,8148261,58.76595,0.032760000000000004
522,2015-07-10,2015-07-14,0,61.05,60.95,61.25,60.0,61.6,16416725,1000978096,60.97306838,57.751369999999994,57.656769999999995,57.94056,56.7581,58.27165,17354412,57.6786,0.00577
523,2015-07-09,2015-07-13,0,60.7,60.6,60.8,56.75,61.9,24263706,1456736502,60.03767528,57.420280000000005,57.325680000000006,57.514880000000005,53.68371,58.555440000000004,25649595,56.79374,0.04745
524,2015-07-08,2015-07-10,0,57.95,57.85,57.95,55.8,60.0,27352914,1590998788,58.16560488,54.81887,54.72427,54.81887,52.78504,56.7581,28915252,55.022819999999996,-0.06758
525,2015-07-07,2015-07-09,0,62.15,62.05,62.15,61.5,62.8,16046865,993315444,61.90090363,58.791940000000004,58.697340000000004,58.791940000000004,58.17706,59.40681,16963426,58.5563,-0.01114
526,2015-07-06,2015-07-08,0,62.85,62.8,62.85,61.25,63.8,12841953,801977444,62.449803700000004,59.45411,59.40681,59.45411,57.94056,60.35278,13575457,59.075540000000004,-0.01874
527,2015-07-03,2015-07-07,0,64.05,64.0,64.05,63.8,65.0,10370760,669343958,64.54145675,60.58928,60.54198,60.58928,60.35278,61.48795,10963115,61.05418,-0.01234
528,2015-07-02,2015-07-06,0,64.85,64.65,64.85,64.15,65.5,13765405,891481693,64.7624747,61.34605,61.156859999999995,61.34605,60.68387,61.960930000000005,14551654,61.26325,0.00855
529,2015-06-30,2015-07-03,0,64.3,64.1,64.25,63.75,65.05,9643743,619655753,64.25469374,60.82577,60.63656999999999,60.77847,60.30548,61.53525,10194572,60.78291,0.01741
530,2015-06-29,2015-07-02,0,63.2,63.1,63.35,63.0,64.5,11415061,725581324,63.56350825,59.7852,59.6906,59.9271,59.59601,61.014959999999995,12067064,60.12907,-0.01018
531,2015-06-26,2015-06-30,0,63.85,63.8,63.85,63.8,65.0,13585200,872611119,64.23248233,60.40008,60.35278,60.40008,60.35278,61.48795,14361156,60.7619,-0.0139
532,2015-06-25,2015-06-29,0,64.75,64.7,65.0,64.7,65.45,8778155,570077073,64.94269844,61.25145,61.20415,61.48795,61.20415,61.913630000000005,9279544,61.43374,-0.01145
533,2015-06-24,2015-06-26,0,65.5,65.45,65.6,65.4,66.1,8422942,553617179,65.72729327,61.960930000000005,61.913630000000005,62.055519999999994,61.866330000000005,62.52851,8904042,62.175940000000004,-0.00758
534,2015-06-23,2015-06-25,0,66.0,65.95,66.2,64.8,66.2,20806034,1362174687,65.470175,62.43391,62.38661,62.6231,61.29875,62.6231,21994428,61.932719999999996,0.015380000000000001
535,2015-06-22,2015-06-24,0,65.0,64.95,65.05,64.8,65.9,15718522,1025489984,65.24086578,61.48795,61.44064,61.53525,61.29875,62.339319999999994,16616329,61.7158,-0.02256
536,2015-06-19,2015-06-23,0,66.5,66.4,66.85,65.0,67.15,18575814,1226348729,66.01857281,62.9069,62.8123,63.23799,61.48795,63.52178000000001,19636823,62.451480000000004,0.0052899999999999996
537,2015-06-18,2015-06-22,0,66.15,66.1,66.15,65.55,66.45,8906034,588479844,66.07653238,62.57581,62.52851,62.57581,62.008230000000005,62.8596,9414727,62.50631,0.0060799999999999995
538,2015-06-17,2015-06-19,0,65.75,65.75,65.95,64.55,66.0,11816101,771566555,65.29789776,62.197419999999994,62.197419999999994,62.38661,61.062259999999995,62.43391,12491010,61.76975,0.0131
539,2015-06-16,2015-06-18,0,64.9,64.9,64.95,64.6,65.15,11456786,744270014,64.96324659,61.39335,61.39335,61.44064,61.109559999999995,61.62984,12111172,61.45318,-0.01592
540,2015-06-15,2015-06-17,0,65.95,65.9,65.95,65.8,67.5,12294969,812173983,66.05742422,62.38661,62.339319999999994,62.38661,62.244719999999994,63.852869999999996,12997230,62.48823,-0.02729
541,2015-06-12,2015-06-16,0,67.8,67.75,68.0,67.5,68.7,16817690,1143451526,67.99099793,64.13665999999999,64.08936,64.32585,63.852869999999996,64.98803000000001,17778279,64.31733,-0.00367
542,2015-06-11,2015-06-15,0,68.05,68.0,68.1,65.5,68.2,22215613,1497133746,67.39106168,64.37315,64.32585,64.42045,61.960930000000005,64.51504,23484520,63.74981,0.03735
543,2015-06-10,2015-06-12,0,65.6,65.5,65.65,63.85,67.0,18198514,1191789166,65.48826822,62.055519999999994,61.960930000000005,62.102830000000004,60.40008,63.37988000000001,19237973,61.949830000000006,0.027410000000000004
544,2015-06-09,2015-06-11,0,63.85,63.55,63.75,63.45,65.05,36029631,2325867919,64.55430862,60.40008,60.11629,60.30548,60.02169,61.53525,38087564,61.066340000000004,-0.0355
545,2015-06-08,2015-06-10,0,66.2,66.15,66.25,66.1,68.6,22580707,1519325922,67.28424943,62.6231,62.57581,62.67041,62.52851,64.89343000000001,23870467,63.64876999999999,-0.02288
546,2015-06-05,2015-06-09,0,67.75,67.4,67.5,66.1,68.35,72931827,4931678115,67.62038355,64.08936,63.758269999999996,63.852869999999996,62.52851,64.65694,77097531,63.96675,-0.03283
547,2015-06-04,2015-06-08,0,70.05,70.1,70.15,69.0,71.45,89068164,6261647051,70.30174161,66.26509,66.31238,66.35968000000001,65.27181999999999,67.58944,94155540,66.50323,-0.05466
548,2015-06-03,2015-06-05,0,74.1,74.0,74.45,70.0,77.55,87538109,6443369181,73.606447,70.09626,70.00166,70.42734,66.21779000000001,73.35985,92538091,69.62937,
